timestamp,formatted_time,accel_x,accel_y,accel_z,gyro_x,gyro_y,gyro_z,roll_w,pitch_w,yaw_w,rssi,pose 
81974312,01-01 16:46:14:312,0.664551,-0.472656,0.601562,-9.875,3.125,-2.9375,7,4,16,0,unknown
81974351,01-01 16:46:14:351,0.71582,-0.473633,0.573242,-18.3125,-3.75,-2.0625,7,4,16,0,unknown
81974373,01-01 16:46:14:373,0.71875,-0.491211,0.561035,-22.25,-5.6875,-0.625,6,4,16,0,unknown
81974455,01-01 16:46:14:455,0.69043,-0.422852,0.48584,-16.8125,6.6875,1.5,6,4,16,0,unknown
81974496,01-01 16:46:14:496,0.630859,-0.25293,0.405273,-22.125,24.3125,9,6,4,16,0,unknown
81974555,01-01 16:46:14:555,0.534668,-0.192383,0.390137,-11.5625,71.9375,40,6,4,16,0,unknown
81974612,01-01 16:46:14:612,0.63916,-0.442383,0.711914,30.1875,134.562,32.75,7,5,16,0,unknown
81974651,01-01 16:46:14:651,0.596191,-0.453613,0.831543,32.6875,154.188,18.4375,7,6,16,0,unknown
81974710,01-01 16:46:14:710,0.37207,-0.540527,0.768555,19.625,180.812,-2,7,6,15,0,unknown
81974770,01-01 16:46:14:770,0.20459,-0.529297,0.719727,27.9375,160.562,-29.9375,7,7,15,0,unknown
81974815,01-01 16:46:14:815,0.186035,-0.714355,0.748047,33.8125,128.938,-21.125,7,8,15,0,unknown
81974852,01-01 16:46:14:852,0.217285,-0.687988,0.963867,33.3125,117.438,-16.125,7,8,15,0,unknown
81974890,01-01 16:46:14:890,-0.0205078,-0.693359,1.0459,-13.375,116.75,28.4375,7,9,15,0,unknown
81974972,01-01 16:46:14:972,-0.355469,-0.578125,1.25146,72,61.6875,26.4375,7,9,15,0,unknown
81975010,01-01 16:46:15:10,-0.155762,-0.539551,1.27979,72.375,1.25,-21.125,8,9,15,0,unknown
81975070,01-01 16:46:15:70,-0.121094,-0.357422,1.14795,-2.75,-80.75,-43.3125,8,9,15,0,unknown
81975129,01-01 16:46:15:129,-0.0175781,-0.146484,0.844238,3.4375,-65.8125,-40.0625,8,8,15,0,unknown
81975167,01-01 16:46:15:167,-0.00976562,-0.193848,0.854492,32.1875,-37.9375,-28.5,8,8,15,0,unknown
81975227,01-01 16:46:15:227,0.0507812,-0.0683594,0.882812,13.6875,-1.875,-16,8,8,14,0,unknown
81975272,01-01 16:46:15:272,0.0629883,-0.265137,1.05371,10.1875,-5.6875,-7.5625,8,8,14,0,unknown
81975332,01-01 16:46:15:332,0.00146484,-0.179199,1.13428,-1.8125,-3.5625,5.5,8,8,14,0,unknown
81975370,01-01 16:46:15:370,-0.0117188,-0.312988,1.06152,2.4375,-4.5625,10.25,8,8,14,0,unknown
81975433,01-01 16:46:15:433,0.123535,-0.179199,0.930176,25.75,-1.4375,11,8,8,15,0,unknown
81975468,01-01 16:46:15:468,0.0664062,-0.201172,1.0166,22.625,-6.5,14.5625,8,8,15,0,unknown
81975530,01-01 16:46:15:530,0.0776367,-0.182129,0.986328,4.375,-0.625,7.75,8,8,15,0,unknown
81975572,01-01 16:46:15:572,0.17041,-0.126465,0.912109,-51.9375,18.6875,10.875,8,8,15,0,unknown
81975632,01-01 16:46:15:632,0.104492,-0.416016,0.956055,-108.062,57.5,13.3125,8,8,15,0,unknown
81975670,01-01 16:46:15:670,0,-0.451172,0.909668,-114.188,72.5625,14.6875,7,9,15,0,unknown
81975729,01-01 16:46:15:729,-0.152832,-0.491211,0.884766,-170.625,77.8125,-3.3125,7,9,14,0,unknown
81975790,01-01 16:46:15:790,-0.0766602,-0.591797,0.65918,-198.562,57.3125,-30.25,6,9,14,0,unknown
81975830,01-01 16:46:15:830,-0.0878906,-0.762207,0.568359,-231.125,68.5625,-22.875,6,9,14,0,unknown
81975890,01-01 16:46:15:890,-0.103027,-0.913086,0.475098,-97.375,58.0625,-23.5,5,9,14,0,unknown
81975932,01-01 16:46:15:932,-0.313965,-0.945312,0.600586,-136.25,59.8125,-6.4375,5,10,14,0,unknown
81975992,01-01 16:46:15:992,-0.364746,-1.11279,0.655273,19.875,-7.25,6.25,5,10,14,0,unknown
81976030,01-01 16:46:16:30,-0.150391,-1.02344,0.493652,72.125,-30.5,18.0625,5,10,14,0,unknown
81976090,01-01 16:46:16:90,-0.248047,-0.852051,0.578125,133.188,-14.9375,12.625,6,10,14,0,unknown
81976130,01-01 16:46:16:130,-0.162109,-0.781738,0.645996,102.625,-10.5,16.0625,6,10,14,0,unknown
81976190,01-01 16:46:16:190,-0.329102,-0.84668,0.731934,77.875,-5.8125,30.3125,6,10,14,0,unknown
81976250,01-01 16:46:16:250,-0.356445,-0.791504,0.919922,142.625,-32.1875,32.375,6,10,14,0,unknown
81976292,01-01 16:46:16:292,-0.367188,-0.675781,0.89209,221.625,-75.625,45.5,7,10,14,0,unknown
81976353,01-01 16:46:16:353,-0.157227,-0.441895,0.987793,278.438,-97.25,49.625,8,9,15,0,unknown
81976390,01-01 16:46:16:390,-0.134766,-0.195801,1.03271,315.062,-105.688,62.5,8,9,15,0,unknown
81976450,01-01 16:46:16:450,-0.0483398,-0.0351562,0.958008,220.625,-91.0625,83.25,9,8,15,0,unknown
81976489,01-01 16:46:16:489,0.13916,0.188965,0.816406,208.25,-73.5,67.5625,9,8,15,0,unknown
81976549,01-01 16:46:16:549,0.197266,0.285156,0.753418,78.6875,-28.75,33.5,10,8,15,0,unknown
81976586,01-01 16:46:16:586,0.200195,0.415039,0.672852,-16.8125,0.625,-4.5,10,8,15,0,unknown
81976646,01-01 16:46:16:646,0.182617,0.242676,0.724609,-187.75,48.6875,-42.1875,9,8,15,0,unknown
81976692,01-01 16:46:16:692,0.106934,0.0380859,0.825684,-240.5,82.3125,-43.5625,9,8,15,0,unknown
81976752,01-01 16:46:16:752,-0.0654297,-0.202637,1.04102,-211.125,102.938,-48.6875,8,9,15,0,unknown
81976812,01-01 16:46:16:812,-0.205566,-0.311035,0.946289,-222.688,83.125,-46.875,8,9,15,0,unknown
81976849,01-01 16:46:16:849,-0.211914,-0.48291,0.942871,-223.125,77.75,-55.375,7,10,15,0,unknown
81976909,01-01 16:46:16:909,-0.189941,-0.655762,0.835938,-186.75,46.25,-45.375,7,10,14,0,unknown
81976953,01-01 16:46:16:953,-0.202148,-0.765625,0.666504,-160.25,35.25,-43.3125,6,10,14,0,unknown
81977013,01-01 16:46:17:13,-0.203125,-0.833496,0.717773,-117.375,35.9375,-38.25,6,10,14,-53,unknown
81977052,01-01 16:46:17:52,-0.177734,-0.859375,0.669434,-125.562,35.5625,-23.625,6,10,14,-53,unknown
81977112,01-01 16:46:17:112,-0.297363,-1.10986,0.637695,-19.625,12.0625,-3.375,5,10,14,-53,unknown
81977149,01-01 16:46:17:149,-0.318359,-1.00146,0.689941,22.6875,-0.25,9.125,5,10,14,-53,unknown
81977209,01-01 16:46:17:209,-0.206055,-0.949219,0.607422,130.438,-17.875,22.6875,6,10,14,-53,unknown
81977269,01-01 16:46:17:269,-0.307617,-0.74707,0.738281,108.25,-15.125,31.5,6,10,14,-53,unknown
81977328,01-01 16:46:17:328,-0.248535,-0.736328,0.921875,174.5,-27.625,27.9375,7,10,14,-53,unknown
81977373,01-01 16:46:17:373,-0.312012,-0.576172,0.879883,172.812,-45.375,56.0625,7,10,14,-53,unknown
81977412,01-01 16:46:17:412,-0.271973,-0.57373,0.865234,176.5,-69.375,45.625,7,10,14,-53,unknown
81977472,01-01 16:46:17:472,-0.0522461,-0.292969,0.850098,255.75,-70.375,44.9375,8,9,15,-53,unknown
81977532,01-01 16:46:17:532,-0.078125,-0.0385742,0.870117,168.688,-76.0625,51.375,9,9,15,-53,unknown
81977568,01-01 16:46:17:568,0.059082,0.0488281,0.890137,147.812,-63.9375,38.4375,9,9,15,-53,unknown
81977629,01-01 16:46:17:629,0.0742188,0.180176,0.886719,54.875,-42.125,24.5625,9,8,15,-53,unknown
81977674,01-01 16:46:17:674,0.142578,0.271973,0.897461,-4.5625,-17.9375,3.3125,9,8,15,-53,unknown
81977734,01-01 16:46:17:734,0.14209,0.199707,0.944824,-119.812,28.1875,-18.625,9,8,15,-53,unknown
81977772,01-01 16:46:17:772,0.0722656,0.0458984,0.975098,-154.812,59.9375,-21.625,9,8,15,-53,unknown
81977832,01-01 16:46:17:832,-0.0761719,-0.175293,1.00781,-147.875,82.25,-30.5,8,9,15,-53,unknown
81977892,01-01 16:46:17:892,-0.177734,-0.302734,0.92041,-165.125,80,-39.75,8,9,15,-53,unknown
81977935,01-01 16:46:17:935,-0.236816,-0.417969,0.936035,-187.438,64.9375,-46.9375,7,9,15,-53,unknown
81977974,01-01 16:46:17:974,-0.247559,-0.526367,0.881836,-175.5,48.3125,-50.875,7,10,14,-53,unknown
81978042,01-01 16:46:18:42,-0.14209,-0.667969,0.714844,-158.938,27.3125,-44.0625,6,10,14,-53,unknown
81978094,01-01 16:46:18:94,-0.103027,-0.751465,0.646484,-113.938,21.25,-40.625,6,9,14,-53,unknown
81978132,01-01 16:46:18:132,-0.167969,-0.919922,0.654785,-99.0625,20.0625,-23.1875,6,9,14,-53,unknown
81978192,01-01 16:46:18:192,-0.23877,-0.933594,0.728516,-21.25,3.375,-5.625,6,9,14,-53,unknown
81978235,01-01 16:46:18:235,-0.262695,-1.0415,0.708008,9.125,-4.75,11.0625,6,9,14,-53,unknown
81978295,01-01 16:46:18:295,-0.233887,-0.856445,0.711426,120.625,-12.25,33.125,6,10,14,-53,unknown
81978334,01-01 16:46:18:334,-0.283691,-0.784668,0.731934,97.625,-8.0625,42.5625,6,10,14,-53,unknown
81978394,01-01 16:46:18:394,-0.318848,-0.776367,0.906738,149.75,-43.4375,36.5,7,10,14,-53,unknown
81978454,01-01 16:46:18:454,-0.212402,-0.441406,0.911133,136.875,-27.5,56.375,7,10,14,-53,unknown
81978491,01-01 16:46:18:491,-0.328613,-0.584961,0.90625,142,-48.375,50.75,7,10,15,-53,unknown
81978551,01-01 16:46:18:551,-0.0893555,-0.141602,0.966797,194.25,-41.9375,72.375,8,9,15,-53,unknown
81978597,01-01 16:46:18:597,-0.219727,-0.154297,0.999512,169.875,-52.8125,75.1875,8,9,15,-53,unknown
81978647,01-01 16:46:18:647,-0.0625,0.0522461,0.989746,132.625,-58.6875,64.6875,9,9,15,-53,unknown
81978707,01-01 16:46:18:707,-0.00537109,0.175293,0.910645,95.125,-57.75,42.4375,9,9,15,-53,unknown
81978745,01-01 16:46:18:745,0.0800781,0.23877,0.890625,66.25,-48.0625,20.125,9,8,15,-53,unknown
81978782,01-01 16:46:18:782,0.116699,0.256348,0.873047,18.0625,-30.0625,5.4375,9,8,15,-53,unknown
81978842,01-01 16:46:18:842,0.137695,0.259766,0.893555,-40.125,-0.25,-22.6875,9,8,15,-53,unknown
81978902,01-01 16:46:18:902,0.0605469,0.225586,0.974121,-55.125,15.0625,-27.125,9,8,15,-53,unknown
81978962,01-01 16:46:18:962,0.0473633,0.12793,0.868652,-139.375,33.5,-55.25,9,8,15,-53,unknown
81979000,01-01 16:46:19:0,0.0546875,0.0400391,0.848633,-178.312,46.3125,-75.875,9,9,15,-53,unknown
81979060,01-01 16:46:19:60,-0.0708008,-0.398926,0.970703,-234,51.9375,-75.75,8,9,15,-53,unknown
81979120,01-01 16:46:19:120,-0.172852,-0.45166,0.95752,-178.438,60.6875,-69.8125,7,9,14,-53,unknown
81979164,01-01 16:46:19:164,-0.305664,-0.563965,1.18213,-211.688,32.6875,-76.75,7,9,14,-53,unknown
81979205,01-01 16:46:19:205,-0.22998,-0.945801,1.09326,-81,-25.0625,-50.75,7,9,14,-53,unknown
81979262,01-01 16:46:19:262,0.0112305,-0.59375,0.87207,20.375,-23.5,-12.0625,7,9,14,-53,unknown
81979322,01-01 16:46:19:322,-0.0341797,-0.802246,0.97998,-36.0625,12.6875,13.9375,7,9,14,-53,unknown
81979360,01-01 16:46:19:360,0.0400391,-0.687012,0.946289,-22.8125,50.875,43.6875,6,9,14,-53,unknown
81979419,01-01 16:46:19:419,-0.0703125,-0.83252,0.916992,1,112.938,97.75,6,10,14,-53,unknown
81979465,01-01 16:46:19:465,-0.310547,-0.856934,0.861816,23.1875,130.188,144.312,6,10,14,-53,unknown
81979524,01-01 16:46:19:524,-0.618164,-0.563477,0.943359,112.562,94.125,145.438,7,11,14,-53,unknown
81979562,01-01 16:46:19:562,-0.496582,-0.361328,0.876465,119.312,111.312,142,7,12,15,-53,unknown
81979623,01-01 16:46:19:623,-0.540527,-0.318359,0.692383,61.125,148.375,123.375,8,13,15,-53,unknown
81979682,01-01 16:46:19:682,-0.561523,-0.115723,0.511719,38.8125,149.312,131.25,8,14,15,-53,unknown
81979722,01-01 16:46:19:722,-0.770508,-0.0864258,0.48877,24.0625,157.938,118.375,8,15,16,-53,unknown
81979779,01-01 16:46:19:779,-0.833008,0.0385742,0.313965,16.125,144.75,87.1875,9,16,16,-53,unknown
81979833,01-01 16:46:19:833,-0.914062,0.0708008,0.151367,6.6875,119.438,71.625,10,16,17,-53,unknown
81979884,01-01 16:46:19:884,-0.901367,0.158203,-0.0136719,-10.875,58.625,45.6875,11,16,0,-53,unknown
81979925,01-01 16:46:19:925,-0.869629,0.197266,-0.0649414,5.9375,21.8125,29.375,11,16,1,-53,unknown
81979983,01-01 16:46:19:983,-0.858887,0.188965,-0.0458984,-4.875,-42.375,-21.375,11,16,1,-53,unknown
81980029,01-01 16:46:20:29,-0.904297,0.113281,0.0668945,-32.25,-92.125,-70.25,11,16,0,-53,unknown
81980081,01-01 16:46:20:81,-0.98291,0.148438,0.336426,-34.125,-157.625,-117.75,9,16,16,-53,unknown
81980125,01-01 16:46:20:125,-0.995117,0.0917969,0.510742,-47.125,-194.688,-148.375,8,15,16,-53,unknown
81980185,01-01 16:46:20:185,-0.791992,-0.125977,0.633301,-41.5,-207.5,-175.125,8,13,15,-53,unknown
81980222,01-01 16:46:20:222,-0.626465,-0.484375,0.770996,4.25,-198.938,-170.625,7,12,15,-53,unknown
81980282,01-01 16:46:20:282,-0.233887,-0.291992,0.796875,31.6875,-195.5,-132.562,7,11,15,-53,unknown
81980342,01-01 16:46:20:342,-0.10498,-0.437988,0.998535,68.0625,-157.438,-80.9375,7,10,14,-53,unknown
81980382,01-01 16:46:20:382,-0.0146484,-0.327148,1.03906,50.125,-120.188,-59.75,8,9,14,-53,unknown
81980442,01-01 16:46:20:442,0.0317383,-0.290527,1.15771,-8.625,-66.5,-34.5625,8,9,14,-53,unknown
81980480,01-01 16:46:20:480,0.0234375,-0.415039,1.24561,10.75,-34.625,-21.75,8,8,14,-53,unknown
81980540,01-01 16:46:20:540,-0.0400391,-0.310547,1.23047,3.9375,1.5625,2.9375,8,8,14,-53,unknown
81980582,01-01 16:46:20:582,-0.0209961,-0.296875,1.16113,-1.375,15.0625,5.75,8,8,14,-53,unknown
81980642,01-01 16:46:20:642,0.0341797,-0.290039,1.15674,-2.0625,55.0625,24.125,8,9,14,-53,unknown
81980702,01-01 16:46:20:702,-0.0405273,-0.364258,1.08008,-31.375,111.938,57.6875,8,9,14,-53,unknown
81980720,01-01 16:46:20:720,-0.108398,-0.378906,1.06543,-24.75,124.125,68,8,10,14,-53,unknown
81980802,01-01 16:46:20:802,-0.353516,-0.319824,0.958984,-16.375,163.625,100.625,8,11,15,-53,unknown
81980839,01-01 16:46:20:839,-0.507324,-0.307617,0.887207,-9.875,162.938,98.5,8,12,15,-53,unknown
81980899,01-01 16:46:20:899,-0.612793,-0.229004,0.732422,2.6875,163.5,107.312,8,13,15,-53,unknown
81980959,01-01 16:46:20:959,-0.700684,-0.142578,0.59668,12.9375,161.75,106.062,8,14,15,-53,unknown
81981006,01-01 16:46:21:6,-0.830078,-0.0600586,0.535156,28.8125,158.438,102.25,8,14,15,-53,unknown
81981063,01-01 16:46:21:63,-0.836426,0.0151367,0.3125,6,143.938,102,9,15,16,-53,unknown
81981102,01-01 16:46:21:102,-0.900391,0.0517578,0.186035,-9.4375,120.562,86.3125,10,16,17,-53,unknown
81981138,01-01 16:46:21:138,-0.876465,0.151367,0.13916,-4.6875,98,79.125,10,16,0,-53,unknown
81981198,01-01 16:46:21:198,-0.914551,0.236328,0.0454102,-18.625,29.6875,30.6875,11,16,1,-53,unknown
81981258,01-01 16:46:21:258,-0.927246,0.246094,0.0795898,-11.1875,-32.125,-22.3125,11,16,1,-53,unknown
81981318,01-01 16:46:21:318,-0.928711,0.13916,0.112793,-6.6875,-73.75,-48.125,10,16,0,-53,unknown
81981364,01-01 16:46:21:364,-0.949707,0.0620117,0.225098,-15.25,-97.875,-67.125,10,16,17,-53,unknown
81981424,01-01 16:46:21:424,-0.974121,0.0776367,0.41748,-36.3125,-140.125,-97.375,9,15,16,-53,unknown
81981462,01-01 16:46:21:462,-0.949707,-0.0361328,0.483887,-47.9375,-162.562,-116.812,8,14,16,-53,unknown
81981522,01-01 16:46:21:522,-0.843262,-0.146973,0.69873,-41.6875,-185.125,-130.75,8,13,15,-53,unknown
81981565,01-01 16:46:21:565,-0.549805,-0.303711,0.762207,-23.5,-146.375,-123.375,7,12,15,-53,unknown
81981625,01-01 16:46:21:625,-0.500488,-0.304199,0.830078,1.75,-127.125,-110.875,7,12,15,-53,unknown
81981664,01-01 16:46:21:664,-0.320801,-0.452637,0.915527,21.25,-130.375,-99.125,7,11,15,-53,unknown
81981724,01-01 16:46:21:724,-0.155762,-0.358887,0.956543,25.875,-103.125,-73.3125,7,10,15,-53,unknown
81981761,01-01 16:46:21:761,-0.159668,-0.356934,1.00293,22.75,-97.4375,-61.75,7,10,15,-53,unknown
81981821,01-01 16:46:21:821,-0.0444336,-0.375488,1.06104,14.5625,-71.75,-52,7,9,14,-53,unknown
81981882,01-01 16:46:21:882,0.00927734,-0.376953,1.07568,-5.25,-40,-32.25,7,9,14,-53,unknown
81981925,01-01 16:46:21:925,-0.0141602,-0.40332,1.1333,1.5625,-21.1875,-20.75,7,8,14,-53,unknown
81981985,01-01 16:46:21:985,-0.0209961,-0.401367,1.14209,-3.5625,7.25,0.9375,7,8,14,-53,unknown
81982024,01-01 16:46:22:24,-0.0361328,-0.395508,1.1499,-0.125,23.5625,12.375,7,9,14,-53,unknown
81982084,01-01 16:46:22:84,-0.0112305,-0.35791,1.12695,-1.125,67.0625,35.6875,7,9,14,-53,unknown
81982121,01-01 16:46:22:121,-0.0585938,-0.353516,1.09375,-17.625,99.0625,52.0625,7,9,14,-53,unknown
81982181,01-01 16:46:22:181,-0.182129,-0.39502,1.01221,-10.5,138.125,83,7,10,15,-53,unknown
81982225,01-01 16:46:22:225,-0.329102,-0.400879,0.927734,-6.6875,154.375,100.812,7,11,15,-53,unknown
81982287,01-01 16:46:22:287,-0.57666,-0.35791,0.842773,-0.6875,160.875,109.312,8,12,15,-53,unknown
81982346,01-01 16:46:22:346,-0.662598,-0.219238,0.6875,6.5625,154.625,110.938,8,13,15,-53,unknown
81982384,01-01 16:46:22:384,-0.694336,-0.186035,0.603027,12.375,149.375,110.375,8,14,15,-53,unknown
81982444,01-01 16:46:22:444,-0.80127,-0.0458984,0.489746,27.3125,147.438,111.438,8,15,16,-53,unknown
81982488,01-01 16:46:22:488,-0.875977,0.0239258,0.379395,22.875,126.688,102.75,9,15,16,-53,unknown
81982548,01-01 16:46:22:548,-0.927246,0.105469,0.258301,11.3125,99.5,82.6875,10,16,17,-53,unknown
81982586,01-01 16:46:22:586,-0.919434,0.13916,0.16748,-23.25,71.9375,77.25,10,16,0,-53,unknown
81982647,01-01 16:46:22:647,-0.93457,0.290527,0.0307617,-12.125,40.9375,36.9375,11,16,1,-53,unknown
81982691,01-01 16:46:22:691,-0.919922,0.274902,0.0317383,-13.8125,6.75,-5.1875,11,16,1,-53,unknown
81982744,01-01 16:46:22:744,-0.916504,0.199219,0.0649414,-8.8125,-36.5,-36.1875,11,16,1,-53,unknown
81982804,01-01 16:46:22:804,-0.918945,0.11084,0.129883,-9.0625,-67.75,-57.5,10,16,0,-53,unknown
81982847,01-01 16:46:22:847,-0.894531,0.0913086,0.247559,-25.6875,-101.188,-76.8125,10,16,17,-53,unknown
81982908,01-01 16:46:22:908,-0.859375,-0.00927734,0.381348,-43.875,-152.188,-124.75,8,15,16,-53,unknown
81982946,01-01 16:46:22:946,-0.869141,-0.0170898,0.496094,-51.3125,-190,-149.688,8,14,16,-53,unknown
81983008,01-01 16:46:23:8,-0.773438,-0.258789,0.766602,-41.0625,-180.188,-168.938,7,13,15,-53,unknown
81983043,01-01 16:46:23:43,-0.73584,-0.27832,0.945801,-19.3125,-171.312,-172.062,7,12,15,-53,unknown
81983103,01-01 16:46:23:103,-0.237793,-0.479492,0.925293,24.5625,-159,-136,7,11,15,-53,unknown
81983155,01-01 16:46:23:155,0.0180664,-0.487793,0.984375,44.3125,-115.25,-80.8125,7,10,14,-53,unknown
81983215,01-01 16:46:23:215,0.00537109,-0.443359,1.02588,8.75,-73.5625,-48.25,7,9,14,-53,unknown
81983255,01-01 16:46:23:255,-0.0185547,-0.487305,1.11865,14.9375,-43.6875,-28.3125,7,9,14,-53,unknown
81983312,01-01 16:46:23:312,-0.112793,-0.462402,1.16748,0.8125,-17.125,-14.1875,7,9,14,-53,unknown
81983357,01-01 16:46:23:357,-0.0214844,-0.396973,1.11572,1.625,-6.4375,-7.4375,7,9,14,-53,unknown
81983417,01-01 16:46:23:417,0.00488281,-0.450195,1.07959,2.5,18.9375,8.875,7,9,14,-53,unknown
81983454,01-01 16:46:23:454,-0.00683594,-0.440918,1.10498,5.9375,49.875,26.625,7,9,14,-53,unknown
81983514,01-01 16:46:23:514,-0.0932617,-0.428711,1.06543,-13.875,92.8125,53.4375,7,9,14,-53,unknown
81983574,01-01 16:46:23:574,-0.172363,-0.422852,1.01416,-4.8125,125.375,81.125,7,10,15,-53,unknown
81983612,01-01 16:46:23:612,-0.258301,-0.398926,0.968262,-1.875,137.75,94.625,7,11,15,-53,unknown
81983672,01-01 16:46:23:672,-0.567871,-0.397461,0.848633,8.6875,144.938,96.625,7,12,15,-53,unknown
81983717,01-01 16:46:23:717,-0.618164,-0.331055,0.770996,13.375,145.562,106.188,8,12,15,-53,unknown
81983777,01-01 16:46:23:777,-0.732422,-0.230957,0.654297,20.8125,140.188,108.062,8,13,15,-53,unknown
81983814,01-01 16:46:23:814,-0.747559,-0.137695,0.537598,32.6875,146.562,112.5,8,14,15,-53,unknown
81983874,01-01 16:46:23:874,-0.870605,-0.0224609,0.40332,35.5,141.062,110.5,9,15,16,-53,unknown
81983912,01-01 16:46:23:912,-0.897949,0.100586,0.325684,16.1875,120.062,103.875,9,15,17,-53,unknown
81983972,01-01 16:46:23:972,-0.917969,0.157227,0.152832,-1.125,81,82.9375,10,16,0,-53,unknown
81984032,01-01 16:46:24:32,-0.87207,0.244629,0.0620117,-15.25,23.5,32.8125,11,16,0,-53,unknown
81984077,01-01 16:46:24:77,-0.80957,0.224609,0.0473633,-12.5625,-16.3125,-4.9375,11,16,0,-53,unknown
81984114,01-01 16:46:24:114,-0.854004,0.22168,0.0981445,-9.375,-51.0625,-34.5625,11,16,0,-53,unknown
81984175,01-01 16:46:24:175,-0.887207,0.126953,0.183105,-12.0625,-88.1875,-58.9375,10,16,17,-53,unknown
81984234,01-01 16:46:24:234,-0.901367,0.0942383,0.355469,-35.125,-134.5,-99.1875,9,15,16,-53,unknown
81984272,01-01 16:46:24:272,-0.92041,0.0478516,0.498535,-39.8125,-164.75,-125.938,8,14,16,-53,unknown
81984332,01-01 16:46:24:332,-0.841797,-0.0957031,0.736816,-34.0625,-192.5,-150,8,13,15,-53,unknown
81984372,01-01 16:46:24:372,-0.641602,-0.239258,0.841309,-19.125,-170.438,-147,8,12,15,-53,unknown
81984414,01-01 16:46:24:414,-0.52002,-0.256348,0.913574,-4.4375,-149.875,-139.375,7,12,15,-53,unknown
81984474,01-01 16:46:24:474,-0.253906,-0.379395,0.979492,11.5,-134.75,-116.438,7,11,15,-53,unknown
81984535,01-01 16:46:24:535,-0.148438,-0.445312,1.04346,13.75,-97.375,-82.4375,7,10,14,-53,unknown
81984573,01-01 16:46:24:573,-0.134766,-0.416016,1.09766,7.625,-68.5,-66.5625,7,9,14,-53,unknown
81984632,01-01 16:46:24:632,-0.0830078,-0.432617,1.10596,-13.25,-28.75,-42.9375,7,9,14,-53,unknown
81984672,01-01 16:46:24:672,-0.0834961,-0.482422,1.06348,-0.8125,-19.9375,-30.6875,7,9,14,-53,unknown
81984732,01-01 16:46:24:732,-0.065918,-0.463867,1.03369,13.0625,-2.125,-4.875,7,9,14,-53,unknown
81984793,01-01 16:46:24:793,-0.145508,-0.591309,1.0332,34.125,-15.125,36.125,7,9,14,-53,unknown
81984834,01-01 16:46:24:834,-0.0942383,-0.527344,0.943359,74.6875,-31.6875,70.5,8,9,14,-53,unknown
81984894,01-01 16:46:24:894,-0.090332,-0.422363,0.972656,58.625,-28.0625,119.062,8,9,15,-53,unknown
81984933,01-01 16:46:24:933,-0.065918,-0.361328,0.984863,67.875,-28.0625,147.312,8,9,15,-53,unknown
81984993,01-01 16:46:24:993,-0.0649414,-0.256836,0.993164,63.4375,-27.8125,182.5,8,9,16,-53,unknown
81985053,01-01 16:46:25:53,-0.0551758,-0.183594,0.947266,37,-27.1875,199.312,8,9,16,-53,unknown
81985092,01-01 16:46:25:92,-0.00341797,-0.192871,0.905762,19,-39.375,198.625,8,9,17,-53,unknown
81985152,01-01 16:46:25:152,0.102539,-0.0454102,0.964355,35.1875,-32,191.75,8,9,17,-53,unknown
81985197,01-01 16:46:25:197,0.182617,0.0195312,0.954102,27.875,-18.875,163.875,8,8,17,-53,unknown
81985254,01-01 16:46:25:254,0.296875,0.155762,1.02832,20.3125,-10,103.75,9,8,0,-53,unknown
81985294,01-01 16:46:25:294,0.35498,0.23584,1.08887,11.625,-3.9375,50.75,9,8,0,-53,unknown
81985354,01-01 16:46:25:354,0.313965,0.259277,1.11719,-4.8125,1.8125,-27.375,9,8,0,-53,unknown
81985391,01-01 16:46:25:391,0.275391,0.232422,1.10645,-15.125,0.3125,-74.125,9,8,0,-53,unknown
81985451,01-01 16:46:25:451,0.226562,0.0991211,1.0459,-11.6875,2.5,-124.812,9,8,0,-53,unknown
81985511,01-01 16:46:25:511,0.208008,0.0522461,0.987305,-31.1875,23.9375,-160.75,9,8,17,-53,unknown
81985555,01-01 16:46:25:555,0.146973,-0.0161133,1.01172,-26.4375,30.25,-173.25,9,8,17,-53,unknown
81985616,01-01 16:46:25:616,0.151367,-0.0874023,1.01953,-44.0625,56.6875,-175.312,8,9,16,-53,unknown
81985654,01-01 16:46:25:654,0.0234375,-0.14502,1.04248,-41.625,53.875,-173.312,8,9,16,-53,unknown
81985714,01-01 16:46:25:714,0.0605469,-0.213867,1.02539,-29.4375,52.875,-166.312,8,9,15,-53,unknown
81985752,01-01 16:46:25:752,-0.00244141,-0.212402,1,-11.3125,46.875,-159.75,8,9,15,-53,unknown
81985811,01-01 16:46:25:811,-0.0205078,-0.283203,1.02051,-2.3125,40.375,-156.062,8,9,15,-53,unknown
81985871,01-01 16:46:25:871,-0.0644531,-0.329102,1.02051,-2.8125,45.625,-149.625,8,9,14,-53,unknown
81985915,01-01 16:46:25:915,-0.0791016,-0.331055,1,-0.375,46.625,-148.938,8,9,14,-53,unknown
81985975,01-01 16:46:25:975,-0.125977,-0.429199,0.977539,-7.0625,45.6875,-139.188,8,9,13,-53,unknown
81986014,01-01 16:46:26:14,-0.15625,-0.455078,0.91748,-1.75,39.75,-131,8,10,13,-53,unknown
81986074,01-01 16:46:26:74,-0.177246,-0.546387,0.866699,-10.875,34,-107.375,8,10,13,-53,unknown
81986111,01-01 16:46:26:111,-0.197754,-0.549316,0.84375,-8,31.5625,-86.25,8,10,12,-53,unknown
81986171,01-01 16:46:26:171,-0.291504,-0.601074,0.876465,-8.75,19.8125,-55.3125,7,10,12,-53,unknown
81986231,01-01 16:46:26:231,-0.308105,-0.614258,0.884766,7.375,-2.375,-10,7,10,12,-53,unknown
81986276,01-01 16:46:26:276,-0.289062,-0.640137,0.84375,7.9375,-14.0625,19.0625,7,10,12,-53,unknown
81986336,01-01 16:46:26:336,-0.272461,-0.622559,0.849121,8.125,-22.25,65.6875,7,10,12,-53,unknown
81986381,01-01 16:46:26:381,-0.260254,-0.571289,0.880371,5.4375,-27.125,93.25,7,10,12,-53,unknown
81986434,01-01 16:46:26:434,-0.238281,-0.541016,0.900879,-4.5,-36,131.875,7,10,13,-53,unknown
81986478,01-01 16:46:26:478,-0.233398,-0.52002,0.934082,-9.25,-44,154,7,10,13,-53,unknown
81986538,01-01 16:46:26:538,-0.210449,-0.525879,0.957031,-2.25,-55,185.312,8,10,14,-53,unknown
81986576,01-01 16:46:26:576,-0.0859375,-0.463867,0.960449,-2.375,-61.8125,197.188,8,10,14,-53,unknown
81986636,01-01 16:46:26:636,-0.0859375,-0.401855,1.02539,-0.4375,-68.0625,216.25,8,10,15,-53,unknown
81986674,01-01 16:46:26:674,0.0419922,-0.350098,0.981445,0.625,-68.4375,217,8,10,15,-53,unknown
81986741,01-01 16:46:26:741,0.0869141,-0.25293,0.993652,1.5625,-65.0625,218.062,8,10,16,-53,unknown
81986794,01-01 16:46:26:794,0.149902,-0.208008,1.02832,-8.8125,-54.9375,199.75,8,9,17,-53,unknown
81986837,01-01 16:46:26:837,0.220703,-0.153809,1.03223,-5.9375,-47.9375,179.5,8,9,17,-53,unknown
81986898,01-01 16:46:26:898,0.208496,-0.140137,1.06104,-8.625,-39.6875,154.625,8,9,17,-53,unknown
81986936,01-01 16:46:26:936,0.211426,-0.115723,1.06592,1.75,-34.1875,131.375,8,9,0,-53,unknown
81986996,01-01 16:46:26:996,0.205078,-0.0610352,1.05518,0.5625,-27.5625,85.4375,8,9,0,-53,unknown
81987033,01-01 16:46:27:33,0.20752,-0.0283203,1.02881,-4.0625,-20.875,51.8125,8,9,0,-53,unknown
81987093,01-01 16:46:27:93,0.167969,-0.00537109,1.0415,-8.0625,-9.3125,-2.3125,8,8,0,-53,unknown
81987139,01-01 16:46:27:139,0.166992,-0.0507812,1.07422,-7.5625,1.3125,-35.9375,8,8,0,-53,unknown
81987199,01-01 16:46:27:199,0.11084,-0.0698242,1.09668,4.75,12.5,-68.5625,8,8,0,-53,unknown
81987236,01-01 16:46:27:236,0.0898438,-0.0722656,1.12158,9.625,21.6875,-91.5625,8,8,0,-53,unknown
81987296,01-01 16:46:27:296,0.12793,-0.0493164,1.11035,19,32.4375,-114.25,8,9,17,-53,unknown
81987340,01-01 16:46:27:340,0.0913086,-0.0234375,1.0752,17.125,31.375,-132.188,8,9,17,-53,unknown
81987401,01-01 16:46:27:401,0.134277,-0.105469,1.06543,1.1875,35.9375,-151.812,8,9,17,-53,unknown
81987439,01-01 16:46:27:439,0.0454102,-0.120117,1.05811,14.1875,35.5625,-160.562,8,9,16,-53,unknown
81987499,01-01 16:46:27:499,0.0942383,-0.129395,1.04639,1.75,39.9375,-171.312,8,9,16,-53,unknown
81987549,01-01 16:46:27:549,0.0493164,-0.141602,1.02588,3.25,38.3125,-173.625,8,9,15,-53,unknown
81987609,01-01 16:46:27:609,0.0429688,-0.208984,1.00781,-5.25,36.6875,-174.062,8,9,15,-53,unknown
81987647,01-01 16:46:27:647,0.0302734,-0.279785,0.96582,-2.875,38.0625,-169.5,8,9,15,-53,unknown
81987692,01-01 16:46:27:692,0.0263672,-0.262207,0.957031,-2.0625,36.25,-164.938,8,9,14,-53,unknown
81987744,01-01 16:46:27:744,0.00341797,-0.29834,0.983398,-8.8125,38.5625,-158.5,8,9,14,-53,unknown
81987804,01-01 16:46:27:804,-0.00537109,-0.357422,0.949707,-11.5,39.3125,-154.625,8,9,13,-53,unknown
81987864,01-01 16:46:27:864,-0.0463867,-0.399902,0.946777,-10.1875,45.9375,-149.188,8,10,13,-53,unknown
81987909,01-01 16:46:27:909,-0.0566406,-0.422852,0.928223,-26.3125,51.875,-145.938,8,10,12,-53,unknown
81987947,01-01 16:46:27:947,-0.0595703,-0.442383,0.962402,-21.6875,50.6875,-135.875,8,10,12,-53,unknown
81988007,01-01 16:46:28:7,-0.135254,-0.521973,0.9375,2.125,39.0625,-121.812,7,10,12,-53,unknown
81988067,01-01 16:46:28:67,-0.149414,-0.563477,0.908203,24.875,23.1875,-101,7,9,11,-53,unknown
81988105,01-01 16:46:28:105,-0.226562,-0.612305,0.919434,26.375,14.6875,-84.3125,7,9,11,-53,unknown
81988164,01-01 16:46:28:164,-0.25,-0.612305,0.896484,28.125,3.6875,-54.25,7,9,11,-53,unknown
81988209,01-01 16:46:28:209,-0.241211,-0.617188,0.87793,9.875,3.1875,-28.25,7,9,11,-53,unknown
81988247,01-01 16:46:28:247,-0.240234,-0.650391,0.862305,1.5625,2.3125,-1.4375,7,9,11,-53,unknown
81988325,01-01 16:46:28:325,-0.22998,-0.614746,0.861328,-13.0625,-0.1875,48,7,9,11,-53,unknown
81988367,01-01 16:46:28:367,-0.205566,-0.588867,0.858398,-21.75,-5.1875,71.375,7,10,11,-53,unknown
81988404,01-01 16:46:28:404,-0.199219,-0.594727,0.869141,-25.3125,-10,95.4375,7,10,11,-53,unknown
81988464,01-01 16:46:28:464,-0.212402,-0.576172,0.898438,-22,-24,124.688,7,10,12,-53,unknown
81988527,01-01 16:46:28:527,-0.146973,-0.493652,0.903809,-19.625,-38.8125,149.188,7,10,12,-53,unknown
81988563,01-01 16:46:28:563,-0.123047,-0.506836,0.901855,-23.75,-50.75,158.562,7,10,12,-53,unknown
81988623,01-01 16:46:28:623,-0.115723,-0.472656,0.951172,-14.75,-63.375,175.562,7,10,13,-53,unknown
81988667,01-01 16:46:28:667,-0.109375,-0.467285,0.963867,-20.0625,-73.3125,186.75,7,10,13,-53,unknown
81988727,01-01 16:46:28:727,-0.046875,-0.48291,0.947266,-16.1875,-83.75,200.938,8,10,14,-53,unknown
81988764,01-01 16:46:28:764,-0.059082,-0.453125,1.00488,-3.6875,-94.75,217.625,8,10,14,-53,unknown
81988824,01-01 16:46:28:824,0.015625,-0.411133,1.05566,-5.1875,-80.4375,223.062,8,10,15,-53,unknown
81988884,01-01 16:46:28:884,0.147949,-0.38916,1.00293,-11.0625,-69.625,226,8,10,16,-53,unknown
81988925,01-01 16:46:28:925,0.181152,-0.303711,1.0249,-14.875,-54.375,217,8,9,16,-53,unknown
81988985,01-01 16:46:28:985,0.178711,-0.18457,1.05811,-2.5,-31.1875,183.438,8,9,17,-53,unknown
81989027,01-01 16:46:29:27,0.254883,-0.0751953,1.08594,-5,-9.625,138.812,8,9,17,-53,unknown
81989087,01-01 16:46:29:87,0.179688,-0.00146484,1.11426,1.875,-2.5,74.5625,8,9,0,-53,unknown
81989124,01-01 16:46:29:124,0.168945,0.019043,1.10205,4.8125,2.5625,18.625,8,9,0,-53,unknown
81989184,01-01 16:46:29:184,0.178711,0.0131836,1.10742,-1.0625,2.25,-52.5625,8,9,0,-53,unknown
81989244,01-01 16:46:29:244,0.164551,-0.141113,1.0376,2.1875,5.75,-104.562,8,9,17,-53,unknown
81989285,01-01 16:46:29:285,0.269043,-0.165039,1.01514,1.3125,13.3125,-131.75,8,9,17,-53,unknown
81989327,01-01 16:46:29:327,0.3125,-0.111328,1.07324,5.75,12.375,-149.375,8,9,17,-53,unknown
81989387,01-01 16:46:29:387,0.254395,-0.308594,1.08203,13.75,26.875,-178.375,8,9,16,-53,unknown
81989447,01-01 16:46:29:447,0.17041,-0.335449,1.06201,7.0625,35.5,-210.562,8,9,16,-53,unknown
81989484,01-01 16:46:29:484,0.111328,-0.38916,1.06445,16.875,50.5625,-228.188,8,9,15,-53,unknown
81989525,01-01 16:46:29:525,0.0839844,-0.442871,0.983398,14.1875,53.125,-238.5,8,9,15,-53,unknown
81989585,01-01 16:46:29:585,0.129883,-0.429199,1.00781,17.8125,58.1875,-235.562,8,9,14,-53,unknown
81989645,01-01 16:46:29:645,0.122559,-0.551758,0.960938,8.625,50.5625,-220.25,8,9,13,-53,unknown
81989705,01-01 16:46:29:705,0.000976562,-0.501953,0.932129,22.6875,43.5,-187.062,8,9,13,-53,unknown
81989748,01-01 16:46:29:748,-0.090332,-0.563965,0.915527,22.3125,30.875,-166.75,8,9,12,-53,unknown
81989785,01-01 16:46:29:785,-0.146973,-0.569336,0.906738,35.0625,7.9375,-140.625,8,9,12,-53,unknown
81989845,01-01 16:46:29:845,-0.197754,-0.550781,0.875,44.625,-33.5625,-105,8,9,12,-53,unknown
81989906,01-01 16:46:29:906,-0.0620117,-0.511719,0.847168,49.4375,-79.25,-68.1875,8,9,11,-53,unknown
81989944,01-01 16:46:29:944,0.0141602,-0.449707,0.877441,52.375,-114.875,-41.5625,8,8,11,-53,unknown
81990006,01-01 16:46:30:6,0.187012,-0.366211,0.905273,55.375,-161.062,-5.0625,8,7,11,-53,unknown
81990047,01-01 16:46:30:47,0.300781,-0.307617,0.9375,55.375,-188.312,13.375,8,6,11,-53,unknown
81990107,01-01 16:46:30:107,0.432617,-0.157227,1.02441,60.6875,-202.75,19.25,8,5,11,-53,unknown
81990146,01-01 16:46:30:146,0.717285,-0.118164,1.16846,67.25,-204,28.75,9,5,12,-53,unknown
81990206,01-01 16:46:30:206,1.26562,0.210938,0.832031,41.3125,-185.625,39.875,9,3,12,-53,unknown
81990266,01-01 16:46:30:266,1.24902,0.190918,0.608887,53.75,-168.875,33.125,9,2,12,-53,unknown
81990304,01-01 16:46:30:304,1.25342,0.390625,0.401367,86.0625,-162.25,6.3125,9,2,12,-53,unknown
81990364,01-01 16:46:30:364,1.24609,0.405273,0.311035,8.1875,-118.125,-23.5625,9,1,11,-53,unknown
81990407,01-01 16:46:30:407,1.38477,0.207031,0.119629,14.6875,-112.062,-45.625,10,1,10,-53,unknown
81990467,01-01 16:46:30:467,1.05518,0.255859,0.0405273,44,-58.75,-50.375,12,1,9,-53,unknown
81990506,01-01 16:46:30:506,0.865723,0.225586,0.0625,25.5625,-39.5625,-31.375,12,1,8,-53,unknown
81990566,01-01 16:46:30:566,0.686523,0.113281,0.0102539,34.0625,-13.5625,4,13,1,8,-53,unknown
81990603,01-01 16:46:30:603,0.418945,0.0825195,0.0385742,62.75,2.0625,23.125,13,1,8,-53,unknown
81990663,01-01 16:46:30:663,0.400391,-0.0102539,0.0644531,61.3125,19.375,51.0625,13,0,8,-53,unknown
81990723,01-01 16:46:30:723,0.473633,-0.226074,0.181152,51.6875,32.6875,58.5,12,0,10,-53,unknown
81990767,01-01 16:46:30:767,0.76416,-0.464844,0.19043,57.0625,32.5625,45.375,9,0,12,-53,unknown
81990829,01-01 16:46:30:829,1.2168,-0.0361328,-0.0219727,76.625,62.5,43.125,8,0,14,-53,unknown
81990866,01-01 16:46:30:866,1.12451,0.209473,0.0898438,-4.6875,100.812,64.8125,7,1,14,-53,unknown
81990926,01-01 16:46:30:926,1.27344,-0.166504,0.155762,-42.1875,131.188,94.9375,7,1,15,-53,unknown
81990986,01-01 16:46:30:986,1.04346,-0.169922,0.260254,-16,135.062,103.875,7,2,15,-53,unknown
81991030,01-01 16:46:31:30,0.916504,-0.253906,0.290039,-28.4375,122.812,95.375,7,3,15,-53,unknown
81991069,01-01 16:46:31:69,0.755371,-0.288086,0.3125,-21.25,107.312,82.1875,7,4,15,-53,unknown
81991129,01-01 16:46:31:129,0.730469,-0.367188,0.359375,3.1875,75.6875,38.6875,7,4,15,-53,unknown
81991189,01-01 16:46:31:189,0.92334,-0.349121,0.410645,-10.0625,23.0625,-21.625,7,4,15,-53,unknown
81991226,01-01 16:46:31:226,0.764648,-0.112305,0.386719,-53.3125,-14.375,-47.1875,7,4,15,-53,unknown
81991286,01-01 16:46:31:286,0.718262,-0.191895,0.402832,-58.875,-57.75,-86.375,7,3,14,-53,unknown
81991330,01-01 16:46:31:330,0.952148,-0.227539,0.269531,-27.125,-79.5,-127.062,7,3,14,-53,unknown
81991390,01-01 16:46:31:390,1.18994,-0.00390625,0.300293,-39.3125,-99.8125,-151.5,7,2,14,-53,unknown
81991429,01-01 16:46:31:429,1.20605,0.0786133,0.354004,-58.9375,-94.25,-147.625,7,1,13,-53,unknown
81991489,01-01 16:46:31:489,1.17139,-0.0302734,0.404785,-34,-76.125,-134.125,9,1,12,-53,unknown
81991526,01-01 16:46:31:526,1.09521,-0.119629,0.408691,-9.125,-75.5,-125.312,10,1,11,-53,unknown
81991585,01-01 16:46:31:585,0.944336,-0.138184,0.360352,4.875,-75.0625,-107.75,12,1,9,-53,unknown
81991646,01-01 16:46:31:646,0.83252,0.000976562,0.331055,3.0625,-50.75,-73.875,12,1,8,-53,unknown
81991690,01-01 16:46:31:690,0.776367,0.0229492,0.330078,-13.6875,-29.0625,-43.75,13,1,8,-53,unknown
81991750,01-01 16:46:31:750,0.764648,-0.0366211,0.333496,-1.25,-2.0625,8.9375,12,1,8,-53,unknown
81991789,01-01 16:46:31:789,0.859863,-0.0878906,0.321777,24.1875,15,44.1875,12,1,8,-53,unknown
81991849,01-01 16:46:31:849,1.02148,-0.0673828,0.303223,54.6875,44.0625,90.625,11,1,9,-53,unknown
81991892,01-01 16:46:31:892,1.04443,-0.0473633,0.257812,68.875,63.3125,113.25,10,1,11,-53,unknown
81991952,01-01 16:46:31:952,1.16992,-0.0776367,0.213379,81.625,95.4375,134.75,8,1,13,-53,unknown
81991991,01-01 16:46:31:991,1.33838,-0.0380859,0.145508,78.25,114.75,136.938,8,1,14,-53,unknown
81992057,01-01 16:46:32:57,1.10352,-0.134766,0.239258,3.5,129.938,130.688,7,3,14,-53,unknown
81992102,01-01 16:46:32:102,1.07324,-0.25293,0.260254,-16,126.688,116.812,7,3,14,-53,unknown
81992139,01-01 16:46:32:139,0.838867,-0.281738,0.370117,-19.625,111.625,105.875,7,4,15,-53,unknown
81992199,01-01 16:46:32:199,0.791016,-0.394043,0.350586,-12.875,69.1875,70.625,7,5,15,-53,unknown
81992259,01-01 16:46:32:259,0.729492,-0.340332,0.359375,7.4375,30.8125,29.4375,7,5,15,-53,unknown
81992296,01-01 16:46:32:296,0.752441,-0.320801,0.345703,-1.1875,1,-1.125,7,5,15,-53,unknown
81992357,01-01 16:46:32:357,0.768066,-0.340332,0.361816,-20.8125,-37.4375,-46.4375,7,4,15,-53,unknown
81992416,01-01 16:46:32:416,0.907227,-0.320312,0.352539,-16.375,-69.25,-93,7,4,15,-53,unknown
81992461,01-01 16:46:32:461,1.02002,-0.17334,0.324219,-31.75,-81.25,-119.25,7,3,14,-53,unknown
81992499,01-01 16:46:32:499,1.03125,-0.0952148,0.35791,-65.0625,-93.1875,-135.438,7,3,14,-53,unknown
81992559,01-01 16:46:32:559,1.22949,-0.150391,0.29834,-51.9375,-84.1875,-151.125,7,2,14,-53,unknown
81992619,01-01 16:46:32:619,1.20996,0.149902,0.290039,-24.625,-76.4375,-131.688,8,1,13,-53,unknown
81992657,01-01 16:46:32:657,1.20801,-0.081543,0.356934,-36.9375,-80.0625,-132.625,9,1,11,-53,unknown
81992717,01-01 16:46:32:717,1.09229,-0.0551758,0.40625,-7.3125,-76.75,-129.938,11,1,9,-53,unknown
81992754,01-01 16:46:32:754,0.890625,-0.0444336,0.405273,-7.9375,-69.5625,-118.062,12,1,8,-53,unknown
81992814,01-01 16:46:32:814,0.785156,-0.0791016,0.352051,-6.9375,-48.25,-91.5,13,1,7,-53,unknown
81992874,01-01 16:46:32:874,0.752441,0.0229492,0.299805,-12.1875,-16.25,-49.4375,13,2,7,-53,unknown
81992919,01-01 16:46:32:919,0.80127,-0.0175781,0.294434,-20.1875,-1.8125,-13.9375,13,2,7,-53,unknown
81992964,01-01 16:46:32:964,0.845215,-0.0390625,0.274902,13.25,13.625,29.5,13,2,8,-53,unknown
81993016,01-01 16:46:33:16,0.884766,0.0405273,0.277832,44.5625,41.1875,94.125,12,1,8,-53,unknown
81993076,01-01 16:46:33:76,0.98584,-0.00488281,0.280273,64.125,64.1875,139.312,11,1,10,-53,unknown
81993114,01-01 16:46:33:114,1.18604,-0.103027,0.343262,66.6875,75.1875,156.375,9,1,12,-53,unknown
81993174,01-01 16:46:33:174,1.38379,-0.00732422,0.181641,105.812,109.562,173.062,7,1,14,-53,unknown
81993219,01-01 16:46:33:219,1.29004,0.00585938,0.219238,95,136.938,176.625,7,2,14,-53,unknown
81993279,01-01 16:46:33:279,1.11963,-0.213379,0.313477,43.125,146.062,157.688,7,3,15,-53,unknown
81993317,01-01 16:46:33:317,1.02979,-0.357422,0.32959,-2.5,142.188,131.625,7,4,15,-53,unknown
81993377,01-01 16:46:33:377,0.829102,-0.434082,0.373047,-18.4375,113.312,99.0625,7,5,15,-53,unknown
81993416,01-01 16:46:33:416,0.740234,-0.39209,0.365234,-10.75,80.75,71.875,7,5,15,-53,unknown
81993475,01-01 16:46:33:475,0.655273,-0.330078,0.402344,3.5625,36.8125,32.6875,7,6,15,-53,unknown
81993535,01-01 16:46:33:535,0.647461,-0.350098,0.399902,2.875,-13.6875,-8.1875,7,5,15,-53,unknown
81993579,01-01 16:46:33:579,0.678711,-0.395996,0.402344,-6.75,-39.375,-41.1875,7,5,15,-53,unknown
81993616,01-01 16:46:33:616,0.700195,-0.390625,0.401855,-9.75,-65.25,-72.25,7,5,15,-53,unknown
81993677,01-01 16:46:33:677,0.852539,-0.360352,0.385742,-20.5,-96.3125,-122.938,7,4,15,-53,unknown
81993736,01-01 16:46:33:736,1.10254,-0.259277,0.359375,-33.5625,-116.188,-163.062,7,3,14,-53,unknown
81993777,01-01 16:46:33:777,1.15381,-0.0253906,0.342773,-54.1875,-117.812,-165.562,7,2,14,-53,unknown
81993837,01-01 16:46:33:837,1.27148,-0.0136719,0.26416,-55.5625,-99.5625,-155.188,8,1,13,-53,unknown
81993874,01-01 16:46:33:874,1.20703,0.0668945,0.232422,-14.125,-92.0625,-133.438,9,1,12,-53,unknown
81993934,01-01 16:46:33:934,1.3374,0.0454102,0.26416,67.375,-91.125,-84.125,11,0,10,-53,unknown
81993994,01-01 16:46:33:994,1.36377,0.157227,0.266113,81.5,-108.062,-30,13,0,8,-53,unknown
81994036,01-01 16:46:34:36,1.27734,-0.0239258,0.312988,32.375,-93.875,-4.875,14,1,7,-53,unknown
81994097,01-01 16:46:34:97,0.711914,-0.375,0.4375,8,-57.1875,17.125,15,0,6,-53,unknown
81994137,01-01 16:46:34:137,0.458984,-0.310547,0.483398,-4.625,-24.625,27.75,16,0,6,-53,unknown
81994196,01-01 16:46:34:196,0.271484,-0.297363,0.495605,-28.6875,36.125,40.0625,16,0,5,-53,unknown
81994233,01-01 16:46:34:233,0.298828,-0.342773,0.539551,-19,65.5625,58.1875,5,0,16,-53,unknown
81994294,01-01 16:46:34:294,0.655273,-0.321289,0.487305,7.5625,104.188,87.375,6,1,15,-53,unknown
81994353,01-01 16:46:34:353,1.11816,-0.44043,0.427246,37.9375,156,139.688,6,2,15,-53,unknown
81994397,01-01 16:46:34:397,2.26758,-0.760254,0.35498,86.3125,193.688,167.688,7,3,15,-53,unknown
81994457,01-01 16:46:34:457,2.66113,-0.416016,0.258789,38.1875,249.562,204.875,7,4,15,-53,unknown
81994496,01-01 16:46:34:496,1.76074,-0.601562,0.398926,-29.125,235.812,285.25,7,6,15,-53,unknown
81994556,01-01 16:46:34:556,0.724121,-0.645508,0.187988,17.125,184.25,242.75,7,8,15,-53,unknown
81994593,01-01 16:46:34:593,0.431152,-0.353027,0.0874023,36,126.188,165.312,7,9,15,-53,unknown
81994653,01-01 16:46:34:653,0.179688,-0.0405273,-0.144531,-122.062,-0.125,13.5,6,9,15,-53,unknown
81994699,01-01 16:46:34:699,0.162109,-0.0654297,-0.034668,-106.5,-39.8125,-62.9375,6,9,15,-53,unknown
81994759,01-01 16:46:34:759,0.24707,-0.194336,0.280762,-11,-67.5,-191.812,6,8,15,-53,unknown
81994796,01-01 16:46:34:796,0.515625,-0.549805,0.589844,10.75,-104.5,-304.312,6,7,15,-53,unknown
81994856,01-01 16:46:34:856,2.66797,-0.441406,1.31543,0.75,-240.25,-419.125,6,4,15,-53,unknown
81994900,01-01 16:46:34:900,3.31201,0.146484,1.19873,-71.3125,-184.188,-245.188,6,3,14,-53,unknown
81994960,01-01 16:46:34:960,1.22803,-1.16895,1.08154,97.9375,-171.812,-121.562,7,2,14,-53,unknown
81994999,01-01 16:46:34:999,0.371094,-0.530273,0.821289,59.1875,-156.688,-71.5625,7,1,14,-53,unknown
81995059,01-01 16:46:35:59,-0.26416,-0.410156,0.522461,98.875,-107.875,28.5,5,0,16,-53,unknown
81995096,01-01 16:46:35:96,-0.467773,-0.244141,0.291016,83.0625,-51.4375,49.6875,5,1,17,-53,unknown
81995156,01-01 16:46:35:156,-0.347656,-0.304688,0.20752,65.875,48.6875,51.9375,5,1,17,-53,unknown
81995216,01-01 16:46:35:216,0.0664062,-0.543945,0.319336,35.75,105.25,22.3125,6,2,16,-53,unknown
81995260,01-01 16:46:35:260,1.06982,-1.41113,0.453613,13.0625,161.438,32.9375,6,2,16,-53,unknown
81995320,01-01 16:46:35:320,3.13721,-0.856445,0.635254,-134.312,288.625,180.375,6,4,15,-53,unknown
81995359,01-01 16:46:35:359,1.83887,-1.00488,0.854492,-133.125,257,300.062,6,5,15,-53,unknown
81995419,01-01 16:46:35:419,1.23682,-0.593262,0.784668,80.875,136,286.625,6,7,15,-53,unknown
81995464,01-01 16:46:35:464,0.983398,-0.000488281,0.379883,198.25,69.1875,224.938,6,8,16,-53,unknown
81995516,01-01 16:46:35:516,0.393066,-0.0673828,-0.195801,-56.625,-1.375,115,6,9,16,-53,unknown
81995561,01-01 16:46:35:561,0.181641,0.0229492,-0.280762,-78.125,-32.25,26.625,6,9,16,-53,unknown
81995621,01-01 16:46:35:621,0.255371,-0.145508,0.0576172,5.8125,-51.6875,-150.875,6,8,16,-53,unknown
81995659,01-01 16:46:35:659,0.464355,-0.547852,0.364746,1.3125,-62.9375,-274.938,6,7,16,-53,unknown
81995719,01-01 16:46:35:719,2.41895,-0.252441,1.52734,-53.8125,-222,-495.938,6,5,15,-53,unknown
81995762,01-01 16:46:35:762,3.43555,0.694336,1.18359,-191.25,-220.25,-302.312,6,3,15,-53,unknown
81995822,01-01 16:46:35:822,1.42383,-1.19971,0.956543,166.688,-173.75,-153.562,7,2,14,-53,unknown
81995861,01-01 16:46:35:861,0.569336,-0.664062,0.756836,53.1875,-176.875,-115.25,7,1,14,-53,unknown
81995921,01-01 16:46:35:921,-0.187988,-0.458496,0.522949,55.75,-136.062,-4.5625,6,0,16,-53,unknown
81995981,01-01 16:46:35:981,-0.812012,-0.488281,0.379883,21.0625,-22.3125,15.4375,5,0,17,-53,unknown
81996019,01-01 16:46:36:19,-0.611816,-0.408203,0.36084,55.4375,49.625,28.5625,5,1,16,-53,unknown
81996079,01-01 16:46:36:79,0.348633,-1.2207,0.393066,18.5625,157.188,85,6,2,16,-53,unknown
81996139,01-01 16:46:36:139,2.61133,-0.923828,0.716309,22.8125,273,174.938,6,3,15,-53,unknown
81996182,01-01 16:46:36:182,2.7793,-1.02734,0.835938,-113.312,267.5,299.875,6,5,15,-53,unknown
81996221,01-01 16:46:36:221,2.12061,-0.734375,0.723145,-24.3125,211.625,337.312,6,6,15,-53,unknown
81996281,01-01 16:46:36:281,1.10205,-0.39209,0.566406,124.812,125,293.75,6,8,16,-53,unknown
81996341,01-01 16:46:36:341,0.482422,-0.0576172,-0.0219727,-5.375,34.25,174.188,6,9,16,-53,unknown
81996378,01-01 16:46:36:378,0.314453,-0.216797,-0.189941,-91.5,1.4375,85.625,6,9,16,-53,unknown
81996438,01-01 16:46:36:438,0.0703125,-0.360352,-0.0131836,-36.875,-10.375,-51.1875,6,9,16,-53,unknown
81996489,01-01 16:46:36:489,0.168945,-0.654297,0.3125,-7.5625,-19,-238.938,6,8,16,-53,unknown
81996534,01-01 16:46:36:534,0.373535,-0.669434,0.516602,2.0625,-60.125,-383.75,6,7,16,-53,unknown
81996587,01-01 16:46:36:587,2.68701,0.0332031,1.28906,-134.625,-177.375,-479.562,6,5,15,-53,unknown
81996647,01-01 16:46:36:647,2.75342,-0.604492,0.871582,21.625,-143.688,-238.125,6,3,14,-53,unknown
81996692,01-01 16:46:36:692,1.43604,-0.891113,0.950684,73.5625,-169.188,-162.312,6,2,14,-53,unknown
81996729,01-01 16:46:36:729,0.591309,-0.765625,0.677734,81.25,-172.312,-95.375,6,1,15,-53,unknown
81996789,01-01 16:46:36:789,-0.0966797,-0.461914,0.461426,80.9375,-141.125,-5.6875,5,0,16,-53,unknown
81996827,01-01 16:46:36:827,-0.591309,-0.335938,0.337402,17.75,-64,8.1875,4,0,17,-53,unknown
81996887,01-01 16:46:36:887,-0.685059,-0.47168,0.397949,27.0625,57.0625,30.1875,5,1,17,-53,unknown
81996946,01-01 16:46:36:946,0.524414,-0.991699,0.511719,9.875,151.875,83.3125,6,2,16,-53,unknown
81996992,01-01 16:46:36:992,2.6084,-1.3125,0.52002,-1,234.188,130.75,6,2,15,-53,unknown
81997038,01-01 16:46:37:38,2.78369,-0.994629,0.875,-64,281.5,241.062,6,4,15,-53,unknown
81997089,01-01 16:46:37:89,2.30664,-0.802246,0.952637,-3.875,215.625,361.938,6,6,15,-53,unknown
81997149,01-01 16:46:37:149,1.21973,-0.453125,0.451172,131.5,132.125,322.062,6,8,16,-53,unknown
81997190,01-01 16:46:37:190,0.76123,-0.244141,0.0732422,73.9375,82.3125,244.312,6,9,16,-53,unknown
81997247,01-01 16:46:37:247,0.213379,-0.0737305,-0.318848,-88.0625,0.75,115.812,6,10,16,-53,unknown
81997292,01-01 16:46:37:292,-0.00927734,-0.135742,-0.250977,-95.5,-10.75,-13.1875,6,10,16,-53,unknown
81997352,01-01 16:46:37:352,0.207031,-0.215332,0.220703,4.125,-29.5,-195.312,6,9,16,-53,unknown
81997389,01-01 16:46:37:389,0.473633,-0.653809,0.424316,-19.5,-66.8125,-347.812,6,8,16,-53,unknown
81997449,01-01 16:46:37:449,2.48877,-0.0117188,1.3457,-156.375,-227.812,-462.375,6,5,15,-53,unknown
81997486,01-01 16:46:37:486,3.25732,-0.0844727,0.973633,21.3125,-179.25,-315.5,6,4,15,-53,unknown
81997548,01-01 16:46:37:548,1.72559,-1.02979,1.15479,58.0625,-156.438,-177.75,6,2,15,-53,unknown
81997606,01-01 16:46:37:606,0.52002,-0.734375,0.708984,47.5625,-161.875,-79.125,6,1,15,-53,unknown
81997651,01-01 16:46:37:651,-0.0849609,-0.556641,0.57959,80,-128.875,-4.3125,5,1,16,-53,unknown
81997712,01-01 16:46:37:712,-0.675781,-0.373047,0.268066,17.4375,-20.0625,20.0625,5,1,17,-53,unknown
81997749,01-01 16:46:37:749,-0.546387,-0.48291,0.320801,21.75,67.8125,40.25,5,1,16,-53,unknown
81997809,01-01 16:46:37:809,-0.00830078,-0.257324,0.332031,-12.875,146.125,85.5,6,2,16,-53,unknown
81997869,01-01 16:46:37:869,0.928711,-1.625,0.655762,-45.4375,198.688,132,6,3,15,-53,unknown
81997906,01-01 16:46:37:906,3.07227,-1.24805,0.708496,49.4375,242.625,166.562,6,4,15,-53,unknown
81997967,01-01 16:46:37:967,2.46143,-0.96582,1.11279,-75,199.25,311,6,7,15,-53,unknown
81998008,01-01 16:46:38:8,1.64697,-0.474121,0.824219,108.812,113.25,323.938,6,8,15,-53,unknown
81998067,01-01 16:46:38:67,0.644043,-0.14209,0.200195,88.8125,43,217.938,6,9,16,-53,unknown
81998110,01-01 16:46:38:110,0.496582,-0.250488,-0.152832,-30.6875,7.3125,141,6,10,16,-53,unknown
81998169,01-01 16:46:38:169,0.276855,-0.120117,-0.332031,-88.5625,-1.8125,26.5625,6,10,16,-53,unknown
81998208,01-01 16:46:38:208,0.15332,-0.157227,-0.126953,-51.4375,12.75,-71.375,6,10,16,-53,unknown
81998268,01-01 16:46:38:268,0.354004,-0.593262,0.455566,16.625,-1.875,-247.312,6,9,16,-53,unknown
81998328,01-01 16:46:38:328,1.09424,-0.394531,1.19482,-51.125,-177.938,-435.688,6,7,15,-53,unknown
81998367,01-01 16:46:38:367,2.35449,-0.24707,1.08789,-140.812,-188.938,-385.125,6,5,15,-53,unknown
81998427,01-01 16:46:38:427,2.26807,-0.85498,0.850098,40.625,-127.438,-199.062,6,3,15,-53,unknown
81998469,01-01 16:46:38:469,1.35596,-0.603027,0.814941,93,-139.375,-133.875,6,2,15,-53,unknown
81998529,01-01 16:46:38:529,0.36084,-0.475098,0.562988,70.1875,-150.125,-50.5625,6,1,15,-53,unknown
81998569,01-01 16:46:38:569,0.101074,-0.375977,0.44873,98.125,-131.375,-4.1875,5,1,16,-53,unknown
81998628,01-01 16:46:38:628,-0.090332,-0.282227,0.317383,83.1875,-76.9375,32.5625,5,1,17,-53,unknown
81998688,01-01 16:46:38:688,-0.0146484,-0.280273,0.254395,59.375,-2.75,35.5625,5,1,17,-53,unknown
81998726,01-01 16:46:38:726,0.230957,-0.38916,0.167969,42.5,45.25,28.875,5,2,17,-53,unknown
81998794,01-01 16:46:38:794,1.44238,-0.634766,-0.0478516,17.5625,140.562,8.1875,6,2,17,-53,unknown
81998830,01-01 16:46:38:830,1.82227,0.0600586,-0.0209961,-33.4375,179,35.125,6,2,16,-53,unknown
81998890,01-01 16:46:38:890,1.66162,-0.216797,0.143555,-158.125,163.5,79.25,6,3,15,-53,unknown
81998929,01-01 16:46:38:929,1.51367,-0.288574,0.346191,-43.8125,134.5,99.875,6,4,15,-53,unknown
81998988,01-01 16:46:38:988,1.24463,-0.0507812,0.482422,32.8125,121.375,103.438,6,5,15,-53,unknown
81999048,01-01 16:46:39:48,1.08154,-0.276367,0.662598,9.5625,194.25,75.0625,6,6,15,-53,unknown
81999086,01-01 16:46:39:86,1.00732,-0.304688,0.765137,16.5625,238.562,64,6,7,15,-53,unknown
81999146,01-01 16:46:39:146,0.841797,-0.483398,0.889648,11.25,287.188,10.4375,7,8,14,-53,unknown
81999190,01-01 16:46:39:190,0.638672,-0.432129,0.896973,25.125,287.938,-12,7,9,14,-53,unknown
81999250,01-01 16:46:39:250,0.327637,-0.519531,0.908691,71.25,282,-21,7,10,13,-53,unknown
81999288,01-01 16:46:39:288,0.158691,-0.470703,0.835938,87.625,271.312,-25.1875,7,11,13,-53,unknown
81999349,01-01 16:46:39:349,-0.270508,-0.454102,0.81543,81.875,263.375,-20.25,7,12,12,-53,unknown
81999385,01-01 16:46:39:385,-0.449219,-0.427734,0.617676,96.75,265.688,-10.625,7,13,12,-53,unknown
81999452,01-01 16:46:39:452,-0.672363,-0.341309,0.338867,63.8125,272.188,4.6875,6,14,11,-53,unknown
81999492,01-01 16:46:39:492,-0.810547,-0.310059,0.0957031,61.1875,275.5,14.75,6,15,10,-53,unknown
81999551,01-01 16:46:39:551,-1.08643,-0.182617,-0.582031,9.375,295.062,32.6875,4,15,8,-53,unknown
81999589,01-01 16:46:39:589,-1.22412,-0.360352,-0.828125,-44.75,292.812,72.625,2,15,7,-53,unknown
81999650,01-01 16:46:39:650,-1.21436,-0.279297,-0.974609,-138.75,156.438,97.6875,1,15,5,-53,unknown
81999709,01-01 16:46:39:709,-1.19824,-0.171875,-1.07324,-230,18.75,49.3125,0,14,5,-53,unknown
81999753,01-01 16:46:39:753,-1.12256,-0.42627,-0.802734,-282.938,-59.4375,-1.375,17,14,5,-53,unknown
81999812,01-01 16:46:39:812,-0.9375,-0.262695,-0.0898438,-277.312,-137.062,-154.75,17,15,5,-53,unknown
81999851,01-01 16:46:39:851,-1.61621,0.0854492,0.923828,-116.25,-305.375,-355.125,0,16,7,-53,unknown
81999911,01-01 16:46:39:911,0.129883,2.0874,-2.35352,101.688,-314.75,-211.438,6,15,13,-53,unknown
81999971,01-01 16:46:39:971,0.862305,0.96875,1.35889,492.062,-2.9375,-40.9375,7,13,13,-53,unknown
82000008,01-01 16:46:40:8,-1.41162,0.90332,1.54443,-107.625,44.875,73.4375,7,14,13,-53,unknown
82000068,01-01 16:46:40:68,-0.58252,-0.0732422,1.00391,-42.4375,-34.75,-10.6875,7,13,14,-53,unknown
82000112,01-01 16:46:40:112,-0.131348,-0.121582,0.958984,48.8125,-16.3125,1.4375,7,13,14,-53,unknown
82000158,01-01 16:46:40:158,-0.382812,0.0629883,1.00293,90.875,16.75,15.1875,8,13,14,-53,unknown
82000228,01-01 16:46:40:228,-0.382324,0.108887,1.00195,59.6875,23.375,14.4375,8,13,14,-53,unknown
82000271,01-01 16:46:40:271,-0.504395,-0.0917969,1.05371,23.75,63.1875,15.9375,8,13,14,-53,unknown
82000331,01-01 16:46:40:331,-0.545898,0.0336914,0.985352,81.0625,80.5625,9.375,8,14,14,-53,unknown
82000368,01-01 16:46:40:368,-0.52832,-0.00244141,0.850586,74.125,95.3125,9.5,8,14,14,-53,unknown
82000428,01-01 16:46:40:428,-0.55957,-0.0219727,0.654297,60,118.375,1.25,9,14,14,-53,unknown
82000473,01-01 16:46:40:473,-0.595703,-0.0561523,0.529785,50,132.312,-3.5,9,15,14,-53,unknown
82000533,01-01 16:46:40:533,-0.706055,-0.0766602,0.353516,51.6875,142.688,-11.625,9,16,14,-53,unknown
82000571,01-01 16:46:40:571,-0.849609,-0.0458984,0.164062,61.9375,142.688,-5.8125,9,16,14,-53,unknown
82000631,01-01 16:46:40:631,-0.97168,-0.0141602,-0.11084,45.625,154.188,14.9375,12,17,16,-53,unknown
82000675,01-01 16:46:40:675,-1.05518,-0.109863,-0.290527,61.5625,143.688,8.3125,15,17,2,-53,unknown
82000735,01-01 16:46:40:735,-1.11572,-0.0576172,-0.570801,63.0625,142.562,28.125,17,16,3,-53,unknown
82000773,01-01 16:46:40:773,-1.16602,-0.0239258,-0.862793,57.0625,157.562,40.4375,17,15,3,-53,unknown
82000834,01-01 16:46:40:834,-1.14453,0.174805,-1.25,-2.25,146.812,69.8125,17,14,3,-53,unknown
82000871,01-01 16:46:40:871,-1.02246,0.182617,-1.396,-74.8125,84.25,47.25,17,14,3,-53,unknown
82000930,01-01 16:46:40:930,-0.822266,0.0932617,-1.3584,-209.5,-52.625,-17.75,16,14,3,-53,unknown
82000981,01-01 16:46:40:981,-0.893555,-0.153809,-0.928711,-318.312,-117.25,-120.25,15,15,3,-53,unknown
82001041,01-01 16:46:41:41,-1.37988,-0.0698242,0.554199,-195.312,-246.375,-303.375,14,16,3,-53,unknown
82001079,01-01 16:46:41:79,-2.01953,0.119629,1.38672,64.5625,-452.312,-386.5,7,16,14,-53,unknown
82001139,01-01 16:46:41:139,2.57275,-0.0986328,-0.87207,-16.3125,-587.562,-302.562,7,12,13,-53,unknown
82001184,01-01 16:46:41:184,0.852539,1.20459,1.13428,412.312,-64.25,-83.8125,8,12,13,-53,unknown
82001244,01-01 16:46:41:244,-0.506348,-0.241699,1.36328,-119.438,23.125,76.4375,8,12,14,-53,unknown
82001282,01-01 16:46:41:282,-0.535645,-0.197266,1.30127,32.125,-22.6875,29.75,8,12,14,-53,unknown
82001342,01-01 16:46:41:342,-0.196777,-0.00488281,1.07568,-13,-4.0625,1.875,8,12,14,-53,unknown
82001379,01-01 16:46:41:379,-0.175781,0.134766,1.0957,8.8125,27.5,20.0625,8,12,14,-53,unknown
82001439,01-01 16:46:41:439,-0.288086,0.0175781,1.06836,-14.625,67.5,29.375,8,12,14,-53,unknown
82001499,01-01 16:46:41:499,-0.427734,-0.0078125,0.990234,-6.9375,95.9375,26.9375,8,12,14,-53,unknown
82001544,01-01 16:46:41:544,-0.44873,-0.0146484,0.98584,-3.6875,114.812,30.0625,8,13,14,-53,unknown
82001604,01-01 16:46:41:604,-0.553223,-0.0952148,0.861328,16.0625,144.625,40.625,8,13,14,-53,unknown
82001643,01-01 16:46:41:643,-0.572266,-0.0488281,0.713867,31.75,161.562,43.875,8,14,14,-53,unknown
82001702,01-01 16:46:41:702,-0.683105,-0.0844727,0.41748,19.1875,184.75,53.875,9,15,15,-53,unknown
82001739,01-01 16:46:41:739,-0.725586,-0.0458984,0.237793,32.9375,197,56.625,9,16,15,-53,unknown
82001799,01-01 16:46:41:799,-0.804199,0.0380859,-0.0200195,48.5625,193.375,52.375,12,17,17,-53,unknown
82001844,01-01 16:46:41:844,-0.849121,0.0649414,-0.154785,40.125,184.625,56.0625,14,16,1,-53,unknown
82001904,01-01 16:46:41:904,-1.05225,0.182129,-0.392578,57.5,147.688,68.25,15,16,3,-53,unknown
82001959,01-01 16:46:41:959,-1.021,0.187012,-0.804199,67.3125,110.375,58.9375,16,15,3,-53,unknown
82002001,01-01 16:46:42:1,-1.1001,0.238281,-1.20459,47.25,95.875,71.9375,16,14,3,-53,unknown
82002039,01-01 16:46:42:39,-1.06787,0.399414,-1.43701,-23.625,31.75,26.875,16,14,3,-53,unknown
82002100,01-01 16:46:42:100,-1.05371,0.317383,-1.25391,-154.062,-97.625,-35.625,16,14,3,-53,unknown
82002159,01-01 16:46:42:159,-1.04785,0.198242,-0.733398,-229.375,-140.375,-88.6875,15,15,3,-53,unknown
82002199,01-01 16:46:42:199,-1.23145,0.307617,-0.14209,-189.5,-165.812,-179.312,14,16,3,-53,unknown
82002259,01-01 16:46:42:259,-1.70996,0.0268555,0.767578,78.5,-303.688,-352.938,8,17,15,-53,unknown
82002301,01-01 16:46:42:301,-0.444824,0.724121,1.26074,71.25,-404.188,-278.375,7,15,14,-53,unknown
82002361,01-01 16:46:42:361,1.98438,-0.0893555,-0.666016,392.625,-245.5,-117.625,8,12,14,-53,unknown
82002400,01-01 16:46:42:400,0.146484,1.66602,0.819824,420.875,-9.5,3.875,9,12,14,-53,unknown
82002459,01-01 16:46:42:459,-0.641113,-0.356934,1.2959,-206.625,-6,47.0625,8,12,14,-53,unknown
82002519,01-01 16:46:42:519,-0.383789,0.078125,1.16064,2.3125,-42.375,4.625,8,12,14,-53,unknown
82002559,01-01 16:46:42:559,-0.289062,0.192871,1.1792,-4.125,-16.5625,4.8125,8,11,14,-53,unknown
82002601,01-01 16:46:42:601,-0.23877,0.300293,1.125,16,19.3125,15.625,9,11,14,-53,unknown
82002661,01-01 16:46:42:661,-0.306641,0.101562,1.04199,-26.4375,66.3125,24.3125,9,12,14,-53,unknown
82002722,01-01 16:46:42:722,-0.323242,0.134277,0.875488,-35.1875,115.75,33.6875,9,12,14,-53,unknown
82002759,01-01 16:46:42:759,-0.396973,-0.019043,0.822266,-46.75,148.938,39.4375,9,13,14,-53,unknown
82002820,01-01 16:46:42:820,-0.580566,-0.113281,0.628906,-37.1875,193.125,50.5625,9,14,14,-53,unknown
82002867,01-01 16:46:42:867,-0.748047,-0.0820312,0.441895,-39.75,217.875,62.625,9,14,15,-53,unknown
82002919,01-01 16:46:42:919,-0.890625,-0.0888672,0.169922,-16.375,238.312,77.75,9,16,15,-53,unknown
82002979,01-01 16:46:42:979,-1.04102,0.0449219,-0.0405273,34.1875,228.812,72.75,12,17,1,-53,unknown
82003021,01-01 16:46:43:21,-0.97998,0.0756836,-0.1875,58.1875,214.5,87.6875,14,16,3,-53,unknown
82003081,01-01 16:46:43:81,-0.980957,0.204102,-0.483887,100.875,164.25,83.9375,16,15,3,-53,unknown
82003119,01-01 16:46:43:119,-1.04492,0.234863,-1.12109,86.5625,107.375,115.062,16,14,3,-53,unknown
82003181,01-01 16:46:43:181,-1.08789,0.432617,-1.81152,-62.125,-79.875,0.0625,16,14,3,-53,unknown
82003218,01-01 16:46:43:218,-1.08203,0.238281,-1.4375,-179.062,-195.562,-52.125,15,14,3,-53,unknown
82003279,01-01 16:46:43:279,-1.05664,0.103516,-0.404785,-251,-211.812,-120.688,14,16,2,-53,unknown
82003338,01-01 16:46:43:338,-1.44385,0.164551,0.598633,-64.375,-285.875,-298.875,10,16,16,-53,unknown
82003382,01-01 16:46:43:382,-1.06543,-0.0932617,0.868652,98.6875,-376.625,-342.5,8,15,14,-53,unknown
82003421,01-01 16:46:43:421,0.901855,0.0722656,-0.265137,-53.8125,-402.625,-109.688,8,13,14,-53,unknown
82003481,01-01 16:46:43:481,0.23584,-0.498047,1.24561,88.375,-45.1875,-49.1875,8,12,14,-53,unknown
82003541,01-01 16:46:43:541,-0.825684,0.21875,1.12549,61.6875,-34.3125,26.25,8,12,14,-53,unknown
82003586,01-01 16:46:43:586,-0.530273,-0.34375,1.16455,-35.4375,-41.875,-18.6875,8,11,14,-53,unknown
82003638,01-01 16:46:43:638,-0.375,-0.0683594,1.09375,66.9375,-29.0625,-8.5,8,11,14,-53,unknown
82003682,01-01 16:46:43:682,-0.158691,0.0693359,1.06348,65.0625,7.8125,1.375,8,11,14,-53,unknown
82003742,01-01 16:46:43:742,-0.213379,0.120605,1.1167,52.75,57.5625,19.3125,9,11,14,-53,unknown
82003789,01-01 16:46:43:789,-0.342285,0.00537109,1.08301,31.5,66.8125,20.875,9,11,14,-53,unknown
82003841,01-01 16:46:43:841,-0.471191,0.0234375,0.974121,56.5,87.3125,21.4375,9,12,14,-53,unknown
82003901,01-01 16:46:43:901,-0.527344,0.0244141,0.803711,67.125,97.25,13.4375,9,12,14,-53,unknown
82003938,01-01 16:46:43:938,-0.646484,0.0546875,0.711426,61.375,100.125,9.5,9,13,14,-53,unknown
82003998,01-01 16:46:43:998,-0.73877,0.0693359,0.516602,31.8125,149.25,-1.9375,9,13,14,-53,unknown
82004042,01-01 16:46:44:42,-0.846191,0.0244141,0.312988,-1.5625,168,6.125,10,14,15,-53,unknown
82004103,01-01 16:46:44:103,-0.87793,0.0249023,0.0668945,23.9375,188.312,12.3125,10,15,15,-53,unknown
82004141,01-01 16:46:44:141,-0.941406,0.074707,-0.0878906,-1.3125,186.375,24,11,16,16,-53,unknown
82004207,01-01 16:46:44:207,-0.893066,0.11377,-0.228516,-14.0625,189.188,36.75,13,16,0,-53,unknown
82004244,01-01 16:46:44:244,-0.853027,0.103516,-0.303711,-17.0625,167.688,51.5625,14,16,1,-53,unknown
82004305,01-01 16:46:44:305,-0.875977,0.231445,-0.313965,-52.3125,123.062,48.1875,14,15,2,-53,unknown
82004343,01-01 16:46:44:343,-0.826172,0.487305,-0.435059,-98.8125,73.75,49.6875,15,15,2,-53,unknown
82004403,01-01 16:46:44:403,-0.91748,0.549805,-0.568848,-105.938,-22.5625,-37.125,14,15,2,-53,unknown
82004441,01-01 16:46:44:441,-1.13037,0.435059,-0.375488,-117.875,-79.3125,-102.438,14,15,2,-53,unknown
82004501,01-01 16:46:44:501,-1.37451,0.407227,-0.0283203,-77.5625,-61.9375,-54.125,13,16,2,-53,unknown
82004561,01-01 16:46:44:561,-1.66797,0.403809,-0.00683594,-40.375,2.0625,-5.125,13,16,2,-53,unknown
82004583,01-01 16:46:44:583,-1.74756,0.463379,-0.015625,-46.9375,5.8125,2.375,13,16,2,-53,unknown
82004664,01-01 16:46:44:664,-1.71729,0.348633,0.131348,-36.1875,-4.75,-35.3125,13,16,2,-53,unknown
82004703,01-01 16:46:44:703,-1.62061,0.263184,0.20166,-36.8125,-59.0625,-101.812,12,16,1,-53,unknown
82004763,01-01 16:46:44:763,-0.927246,-0.252441,0.496582,4.8125,-97.3125,-162.75,9,17,16,-53,unknown
82004823,01-01 16:46:44:823,-0.720215,-0.144531,0.557129,0,-103.062,-121.5,7,16,14,-53,unknown
82004860,01-01 16:46:44:860,-0.275879,-0.0458984,0.0820312,65.9375,-226.375,-179.625,7,15,14,-53,unknown
82004920,01-01 16:46:44:920,0.125488,0.869629,-0.979004,335.625,-137.688,-110.062,8,14,14,-53,unknown
82004964,01-01 16:46:44:964,-0.651367,0.768066,0.249512,107.5,-70.25,5.3125,8,13,14,-53,unknown
82005025,01-01 16:46:45:25,-0.591797,0.0654297,0.858887,5.75,-35.75,9.3125,8,13,14,-53,unknown
82005063,01-01 16:46:45:63,-0.696777,-0.0991211,0.885254,-0.9375,-34.1875,11.625,8,13,14,-53,unknown
82005123,01-01 16:46:45:123,-0.578613,0.0893555,0.833008,5.375,-37.4375,-2.75,8,13,14,-53,unknown
82005183,01-01 16:46:45:183,-0.524414,0.19873,0.809082,-23.8125,3,5.75,8,12,14,-53,unknown
82005227,01-01 16:46:45:227,-0.509277,0.0712891,0.748047,-33.625,32.5625,17.3125,8,12,14,-53,unknown
82005266,01-01 16:46:45:266,-0.494629,-0.0205078,0.727051,-39.4375,55.5625,33.1875,8,13,14,-53,unknown
82005326,01-01 16:46:45:326,-0.590332,-0.161133,0.682129,-57.8125,76.0625,52.25,8,13,14,-53,unknown
82005363,01-01 16:46:45:363,-0.647461,-0.121582,0.520508,-61.0625,90.6875,60.8125,8,13,14,-53,unknown
82005436,01-01 16:46:45:436,-0.73291,-0.12207,0.46582,-31.25,86.3125,73.625,8,14,15,-53,unknown
82005483,01-01 16:46:45:483,-0.982422,-0.151367,0.415039,-49.125,85.8125,81.8125,9,15,15,-53,unknown
82005535,01-01 16:46:45:535,-0.88916,-0.169434,0.250488,-54.875,91.3125,62.9375,9,15,16,-53,unknown
82005571,01-01 16:46:45:571,-1.24121,-0.0258789,0.290527,-21.25,71.8125,52.4375,9,15,16,-53,unknown
82005631,01-01 16:46:45:631,-0.974121,0.0185547,0.26123,-34.125,64.6875,23.8125,9,16,16,-53,unknown
82005691,01-01 16:46:45:691,-1.06104,0.148926,0.247559,-35.625,77.75,63.5625,10,16,17,-53,unknown
82005736,01-01 16:46:45:736,-1.19629,0.236816,0.0996094,-45.8125,71.125,42.8125,11,16,0,-53,unknown
82005774,01-01 16:46:45:774,-1.29639,0.333496,-0.0410156,-70.375,44,45.375,11,16,1,-53,unknown
82005835,01-01 16:46:45:835,-1.3335,0.436523,-0.00683594,-60.9375,13.0625,-7,12,16,1,-53,unknown
82005894,01-01 16:46:45:894,-1.41162,0.412598,0.195801,-36.125,-38.375,-31.125,11,16,1,-53,unknown
82005931,01-01 16:46:45:931,-1.41797,0.323242,0.271973,10.6875,-36.625,-7,11,16,0,-53,unknown
82005999,01-01 16:46:45:999,-1.5498,0.351562,0.293945,48.875,-16.5625,-1.5,11,16,0,-53,unknown
82006029,01-01 16:46:46:29,-1.53076,0.256348,0.230469,32.0625,-21.75,-22.8125,11,16,0,-53,unknown
82006089,01-01 16:46:46:89,-1.6001,0.0786133,0.319824,23.125,-63.4375,-67,10,16,17,-53,unknown
82006149,01-01 16:46:46:149,-1.29834,-0.181641,0.535645,57,-114.125,-173.062,8,16,16,-53,unknown
82006194,01-01 16:46:46:194,-1.08936,-0.658691,0.80957,84.6875,-173.25,-224.75,8,15,15,-53,unknown
82006239,01-01 16:46:46:239,0.370117,-0.194824,0.54541,78.1875,-158,-154.938,7,14,14,-53,unknown
82006299,01-01 16:46:46:299,0.601074,0.109863,-1.33789,156.438,-157.688,-153.625,7,13,14,-53,unknown
82006351,01-01 16:46:46:351,-0.441406,1.11719,0.599609,136.312,3.8125,36.25,8,12,14,-53,unknown
82006389,01-01 16:46:46:389,-0.783691,-0.630859,0.915039,-90.375,-2.8125,29.3125,8,12,14,-53,unknown
82006449,01-01 16:46:46:449,-0.694336,0.0981445,0.952148,96.375,-41.375,-5.625,8,12,14,-53,unknown
82006494,01-01 16:46:46:494,-0.513672,0.308105,0.860352,-2.5,-25.0625,-5.5,8,12,14,-53,unknown
82006557,01-01 16:46:46:557,-0.427734,0.0825195,0.708008,-50.6875,40.5625,19.1875,8,12,14,-53,unknown
82006592,01-01 16:46:46:592,-0.390625,0.09375,0.643066,-38.875,74.125,45.5,8,12,14,-53,unknown
82006651,01-01 16:46:46:651,-0.486328,-0.0791016,0.544922,-96.5,112.812,81.3125,8,13,14,-53,unknown
82006711,01-01 16:46:46:711,-0.73584,-0.315918,0.544434,-82.1875,114.938,102.25,8,14,15,-53,unknown
82006750,01-01 16:46:46:750,-0.765625,-0.180664,0.473633,-36,107.438,115.5,8,14,15,-53,unknown
82006810,01-01 16:46:46:810,-1.00098,-0.125,0.363281,-68.8125,122.25,103.25,9,15,16,-53,unknown
82006862,01-01 16:46:46:862,-1.01562,-0.0302734,0.291016,-46.125,113.75,84.3125,9,15,16,-53,unknown
82006914,01-01 16:46:46:914,-1.05469,-0.00244141,0.255371,-29.1875,109.25,71.75,10,16,17,-53,unknown
82006951,01-01 16:46:46:951,-1.02197,0.22998,0.212891,-30.375,99.75,74.25,11,16,0,-53,unknown
82007011,01-01 16:46:47:11,-1.18115,0.186035,0.123047,-18.875,88.5625,73.5,12,16,1,-68,unknown
82007052,01-01 16:46:47:52,-1.27246,0.569824,-0.0273438,-47.8125,66.25,57.375,12,16,2,-68,unknown
82007094,01-01 16:46:47:94,-1.23584,0.633789,-0.191406,-52.5625,28.875,39.6875,13,16,2,-68,unknown
82007149,01-01 16:46:47:149,-1.479,0.562012,-0.0537109,-18.4375,-69.125,-66.625,12,16,2,-68,unknown
82007214,01-01 16:46:47:214,-1.63379,0.468262,0.212891,4.875,-60,-53,12,16,1,-68,unknown
82007269,01-01 16:46:47:269,-1.63477,0.389648,0.26123,20.125,-26.6875,-50.25,11,16,1,-68,unknown
82007311,01-01 16:46:47:311,-1.54883,0.205078,0.200684,25.375,-36,-70.25,11,16,0,-68,unknown
82007371,01-01 16:46:47:371,-1.36328,0.150391,0.30957,2.5625,-107.625,-143.375,9,16,16,-68,unknown
82007412,01-01 16:46:47:412,-1.06836,-0.26416,0.483398,32.4375,-117.312,-227.5,8,15,15,-68,unknown
82007471,01-01 16:46:47:471,-0.598633,-0.318359,0.793457,105.375,-162.125,-186.125,7,14,14,-68,unknown
82007509,01-01 16:46:47:509,0.12207,0.0263672,-0.545898,73.25,-284.875,-217.938,7,13,14,-68,unknown
82007553,01-01 16:46:47:553,0.36084,0.395508,-0.600586,408.062,-101.625,-142.5,8,12,14,-68,unknown
82007628,01-01 16:46:47:628,-0.54248,-0.324707,1.02637,10.8125,-7.875,15.6875,8,12,14,-68,unknown
82007673,01-01 16:46:47:673,-0.583984,-0.356445,1.00146,16.375,-12.6875,4.75,8,12,14,-68,unknown
82007732,01-01 16:46:47:732,-0.491699,0.147949,0.890625,24.1875,-12.5625,1.3125,8,12,14,-68,unknown
82007778,01-01 16:46:47:778,-0.452637,0.0117188,0.835938,-32,20.3125,17.375,8,12,14,-68,unknown
82007831,01-01 16:46:47:831,-0.410645,0.00537109,0.722656,-52.9375,78.3125,46.875,8,12,14,-68,unknown
82007874,01-01 16:46:47:874,-0.449219,-0.149902,0.707031,-95.375,105.875,76.125,8,12,14,-68,unknown
82007928,01-01 16:46:47:928,-0.553223,-0.251953,0.57373,-80,134.5,107.5,8,13,14,-68,unknown
82007951,01-01 16:46:47:951,-0.645508,-0.251465,0.574219,-72.875,137.938,114.75,8,14,14,-68,unknown
82008033,01-01 16:46:48:33,-0.957031,-0.102539,0.393555,-21.8125,136.375,142.062,9,15,15,-68,unknown
82008071,01-01 16:46:48:71,-0.994629,-0.0249023,0.265625,-23.625,159.375,141.812,9,15,16,-68,unknown
82008131,01-01 16:46:48:131,-1.08447,0.0854492,0.212891,-1.4375,144.062,127.312,11,16,0,-68,unknown
82008191,01-01 16:46:48:191,-0.929199,0.299805,0.133789,-0.75,96.9375,125.688,12,15,1,-68,unknown
82008235,01-01 16:46:48:235,-1.0498,0.50293,0.0922852,-19.625,73.8125,122.688,13,15,2,-68,unknown
82008273,01-01 16:46:48:273,-1.02197,0.521973,-0.0361328,-13.75,79.25,102.438,13,15,2,-68,unknown
82008333,01-01 16:46:48:333,-1.04639,0.797852,-0.202148,-24.125,37.125,48.3125,13,14,3,-68,unknown
82008393,01-01 16:46:48:393,-1.15234,0.800293,-0.254395,1.5,-39,-41.5625,13,14,3,-68,unknown
82008431,01-01 16:46:48:431,-1.26562,0.720215,-0.228027,2.375,-56.9375,-65.25,13,14,2,-68,unknown
82008498,01-01 16:46:48:498,-1.38428,0.737793,-0.208008,-20.75,-58.75,-81.25,13,15,2,-68,unknown
82008551,01-01 16:46:48:551,-1.53125,0.503418,-0.0600586,-8,-69.9375,-143.438,12,16,2,-68,unknown
82008594,01-01 16:46:48:594,-1.5459,0.447754,0.228516,8.4375,-145.375,-218.375,11,16,0,-68,unknown
82008633,01-01 16:46:48:633,-1.0625,0.0253906,0.368164,1.75,-147.375,-255.438,9,16,16,-68,unknown
82008693,01-01 16:46:48:693,-0.498535,0.0151367,0.324219,30.375,-212.188,-204.375,7,15,14,-68,unknown
82008753,01-01 16:46:48:753,0.359863,0.0175781,-0.271484,110.25,-223.438,-159.625,7,13,14,-68,unknown
82008790,01-01 16:46:48:790,0.445312,0.467285,-0.433594,243.188,-135.188,-82.25,8,12,14,-68,unknown
82008850,01-01 16:46:48:850,0.304688,0.506836,0.135254,-16.1875,-32.1875,38,8,12,14,-68,unknown
82008896,01-01 16:46:48:896,0.273926,-0.0234375,0.32959,-47.9375,-21.0625,84.6875,8,12,14,-68,unknown
82008956,01-01 16:46:48:956,0.158691,-0.436035,0.677246,-21.8125,-120.312,86.625,8,11,14,-68,unknown
82008993,01-01 16:46:48:993,0.0258789,-0.753418,0.993652,-53.5,-237.188,54,8,10,15,-68,unknown
82009053,01-01 16:46:49:53,-0.243164,-0.544434,1.45312,-113.375,-357.688,1.8125,8,8,15,-68,unknown
82009097,01-01 16:46:49:97,-0.206543,-0.483398,1.60986,-143.312,-332.25,-39.875,8,7,15,-68,unknown
82009157,01-01 16:46:49:157,0.459961,-0.706055,1.69922,-79.5625,-229.375,-41.375,7,6,15,-68,unknown
82009196,01-01 16:46:49:196,0.51123,-0.507324,1.49121,-50.125,-156.312,-27.25,7,5,15,-68,unknown
82009256,01-01 16:46:49:256,0.713867,-0.361328,1.18701,9.5625,-80.9375,-24.5625,7,4,15,-68,unknown
82009293,01-01 16:46:49:293,0.787598,-0.389648,0.999023,-19.6875,-51.4375,-25.4375,7,4,15,-68,unknown
82009353,01-01 16:46:49:353,0.871094,-0.419922,0.794434,-5.3125,-36.4375,-30.875,7,4,15,-68,unknown
82009413,01-01 16:46:49:413,0.800781,-0.520508,0.741699,-5.5,-15.375,-7.9375,7,4,15,-68,unknown
82009457,01-01 16:46:49:457,0.796875,-0.48584,0.69873,-1.5625,-2.3125,1.0625,7,4,15,-68,unknown
82009517,01-01 16:46:49:517,0.688477,-0.467285,0.714355,0.25,-9.75,12.625,7,4,15,-68,unknown
82009556,01-01 16:46:49:556,0.681641,-0.551758,0.714844,5.9375,-9.125,19.5,7,4,15,-68,unknown
82009616,01-01 16:46:49:616,0.596191,-0.413086,0.692383,14.3125,10.0625,31.625,7,4,16,-68,unknown
82009652,01-01 16:46:49:652,0.728027,-0.47168,0.644531,-3.9375,12.8125,15.3125,7,4,16,-68,unknown
82009713,01-01 16:46:49:713,0.766113,-0.390137,0.624023,-0.3125,6.5,9.0625,7,4,16,-68,unknown
82009773,01-01 16:46:49:773,0.746582,-0.396484,0.63916,3.3125,-0.625,3.75,7,4,16,-68,unknown
82009818,01-01 16:46:49:818,0.671387,-0.45752,0.657227,3.25,-1.875,-1.6875,7,4,16,-68,unknown
82009861,01-01 16:46:49:861,0.645508,-0.458496,0.65625,-4.0625,-2.75,-6.0625,7,4,16,-68,unknown
82009929,01-01 16:46:49:929,0.609375,-0.457031,0.662598,-2.4375,1.375,-1.9375,7,4,16,-68,unknown
82009966,01-01 16:46:49:966,0.650391,-0.467773,0.644531,-6.1875,0.25,-1.5625,7,4,16,-68,unknown
82010026,01-01 16:46:50:26,0.65918,-0.419922,0.644043,-5.125,0.5625,-0.9375,7,4,16,-68,unknown
82010064,01-01 16:46:50:64,0.663574,-0.418457,0.643555,0.3125,0.6875,-1.625,7,4,16,-68,unknown
82010124,01-01 16:46:50:124,0.648926,-0.444336,0.664551,2.125,1.3125,0.625,7,4,16,-68,unknown
82010184,01-01 16:46:50:184,0.64502,-0.458496,0.654297,0.9375,1.4375,0.4375,7,4,16,-68,unknown
82010221,01-01 16:46:50:221,0.65918,-0.433594,0.651855,2.125,2.9375,0.125,7,4,16,-68,unknown
82010281,01-01 16:46:50:281,0.649414,-0.440918,0.657227,3.25,1.8125,-0.0625,7,4,16,-68,unknown
82010326,01-01 16:46:50:326,0.646973,-0.446777,0.662598,1.75,3.0625,-1.125,7,4,16,-68,unknown
82010386,01-01 16:46:50:386,0.649902,-0.433594,0.664551,1.5625,2,-1.1875,7,4,16,-68,unknown
82010424,01-01 16:46:50:424,0.657227,-0.42041,0.668457,0,1.5625,-0.8125,7,4,16,-68,unknown
